case_id,scenario,actor_label,shop_label,expected,status,release_sha,run_at_utc,actor_id,shop_id,actual,evidence_ref,attempt_id,stripe_test_intent_id,stripe_test_event_id,order_id,immutable_file_path,sha256,outbox_id,provider_receipt_id,inbox_receipt_evidence
01-owner_S-S,Settings in S and T,owner_S,S,"Each ordinary tenant owner saves draft, reloads editor, publishes and reloads a fresh storefront/account tab. Draft remains private; selected theme survives. Master draft overrides published values in editor only. Simultaneous writes reject stale CAS instead of reporting success. Owner S/customer A cannot write T.",NOT_RUN,,,,,,,,,,,,,,,
01-owner_T-T,Settings in S and T,owner_T,T,"Each ordinary tenant owner saves draft, reloads editor, publishes and reloads a fresh storefront/account tab. Draft remains private; selected theme survives. Master draft overrides published values in editor only. Simultaneous writes reject stale CAS instead of reporting success. Owner S/customer A cannot write T.",NOT_RUN,,,,,,,,,,,,,,,
02-customer_A-S,Four account/shop purchases,customer_A,S,"Each A/B×S/T journey signs in through actual Auth, selects the intended product, uploads/proofs, pays with the same Stripe test setup, receives a durable order, reloads it in the correct account, and opens it in that shop owner's admin. Two accounts in one shop and one account across two shops test different boundaries.",NOT_RUN,,,,,,,,,,,,,,,
02-customer_A-T,Four account/shop purchases,customer_A,T,"Each A/B×S/T journey signs in through actual Auth, selects the intended product, uploads/proofs, pays with the same Stripe test setup, receives a durable order, reloads it in the correct account, and opens it in that shop owner's admin. Two accounts in one shop and one account across two shops test different boundaries.",NOT_RUN,,,,,,,,,,,,,,,
02-customer_B-S,Four account/shop purchases,customer_B,S,"Each A/B×S/T journey signs in through actual Auth, selects the intended product, uploads/proofs, pays with the same Stripe test setup, receives a durable order, reloads it in the correct account, and opens it in that shop owner's admin. Two accounts in one shop and one account across two shops test different boundaries.",NOT_RUN,,,,,,,,,,,,,,,
02-customer_B-T,Four account/shop purchases,customer_B,T,"Each A/B×S/T journey signs in through actual Auth, selects the intended product, uploads/proofs, pays with the same Stripe test setup, receives a durable order, reloads it in the correct account, and opens it in that shop owner's admin. Two accounts in one shop and one account across two shops test different boundaries.",NOT_RUN,,,,,,,,,,,,,,,
03-customer_A-S,Quote parity,customer_A,S,"For every intended launch pricing model, compare unchanged product calculator, checkout display, server quote snapshot and Stripe integer minor-unit amount, including dimensions/quantity/options/delivery/tax semantics. Test minimums/boundaries, missing/unknown/cross-shop IDs, unpublished product and client amount tampering. An unsupported or ambiguous model must stop **before** a PaymentIntent; do not substitute a generic fallback.",NOT_RUN,,,,,,,,,,,,,,,
03-customer_A-T,Quote parity,customer_A,T,"For every intended launch pricing model, compare unchanged product calculator, checkout display, server quote snapshot and Stripe integer minor-unit amount, including dimensions/quantity/options/delivery/tax semantics. Test minimums/boundaries, missing/unknown/cross-shop IDs, unpublished product and client amount tampering. An unsupported or ambiguous model must stop **before** a PaymentIntent; do not substitute a generic fallback.",NOT_RUN,,,,,,,,,,,,,,,
03-customer_B-S,Quote parity,customer_B,S,"For every intended launch pricing model, compare unchanged product calculator, checkout display, server quote snapshot and Stripe integer minor-unit amount, including dimensions/quantity/options/delivery/tax semantics. Test minimums/boundaries, missing/unknown/cross-shop IDs, unpublished product and client amount tampering. An unsupported or ambiguous model must stop **before** a PaymentIntent; do not substitute a generic fallback.",NOT_RUN,,,,,,,,,,,,,,,
03-customer_B-T,Quote parity,customer_B,T,"For every intended launch pricing model, compare unchanged product calculator, checkout display, server quote snapshot and Stripe integer minor-unit amount, including dimensions/quantity/options/delivery/tax semantics. Test minimums/boundaries, missing/unknown/cross-shop IDs, unpublished product and client amount tampering. An unsupported or ambiguous model must stop **before** a PaymentIntent; do not substitute a generic fallback.",NOT_RUN,,,,,,,,,,,,,,,
04-customer_A-S,Proof and production bytes,customer_A,S,"Test exact-size PDF, raster image routed through Designer, translated/scaled placement, and non-square dimensions. Download the final immutable object, compare SHA-256 to the approved/exported bytes and server snapshot, and inspect PDF dimensions/bleed/placement. Mutate the original upload after approval: creator must refuse until reapproved. Mutate after immutable copy: retained order bytes remain unchanged. Test primary versus alternate output file order.",NOT_RUN,,,,,,,,,,,,,,,
04-customer_A-T,Proof and production bytes,customer_A,T,"Test exact-size PDF, raster image routed through Designer, translated/scaled placement, and non-square dimensions. Download the final immutable object, compare SHA-256 to the approved/exported bytes and server snapshot, and inspect PDF dimensions/bleed/placement. Mutate the original upload after approval: creator must refuse until reapproved. Mutate after immutable copy: retained order bytes remain unchanged. Test primary versus alternate output file order.",NOT_RUN,,,,,,,,,,,,,,,
04-customer_B-S,Proof and production bytes,customer_B,S,"Test exact-size PDF, raster image routed through Designer, translated/scaled placement, and non-square dimensions. Download the final immutable object, compare SHA-256 to the approved/exported bytes and server snapshot, and inspect PDF dimensions/bleed/placement. Mutate the original upload after approval: creator must refuse until reapproved. Mutate after immutable copy: retained order bytes remain unchanged. Test primary versus alternate output file order.",NOT_RUN,,,,,,,,,,,,,,,
04-customer_B-T,Proof and production bytes,customer_B,T,"Test exact-size PDF, raster image routed through Designer, translated/scaled placement, and non-square dimensions. Download the final immutable object, compare SHA-256 to the approved/exported bytes and server snapshot, and inspect PDF dimensions/bleed/placement. Mutate the original upload after approval: creator must refuse until reapproved. Mutate after immutable copy: retained order bytes remain unchanged. Test primary versus alternate output file order.",NOT_RUN,,,,,,,,,,,,,,,
05-customer_A-S,Designer login/save,customer_A,S,"Start signed out with visible artwork, open login in a second tab on the same shop origin, then save in the original tab. Refresh saved design and export single-page PDF; original vector/PDF bytes survive. Wrong shop/product and denied/zero-row saves retain artwork. Multi-page/multi-side library save stays open with its explicit limitation; separately verify any production export formats required for launch.",NOT_RUN,,,,,,,,,,,,,,,
05-customer_A-T,Designer login/save,customer_A,T,"Start signed out with visible artwork, open login in a second tab on the same shop origin, then save in the original tab. Refresh saved design and export single-page PDF; original vector/PDF bytes survive. Wrong shop/product and denied/zero-row saves retain artwork. Multi-page/multi-side library save stays open with its explicit limitation; separately verify any production export formats required for launch.",NOT_RUN,,,,,,,,,,,,,,,
05-customer_B-S,Designer login/save,customer_B,S,"Start signed out with visible artwork, open login in a second tab on the same shop origin, then save in the original tab. Refresh saved design and export single-page PDF; original vector/PDF bytes survive. Wrong shop/product and denied/zero-row saves retain artwork. Multi-page/multi-side library save stays open with its explicit limitation; separately verify any production export formats required for launch.",NOT_RUN,,,,,,,,,,,,,,,
05-customer_B-T,Designer login/save,customer_B,T,"Start signed out with visible artwork, open login in a second tab on the same shop origin, then save in the original tab. Refresh saved design and export single-page PDF; original vector/PDF bytes survive. Wrong shop/product and denied/zero-row saves retain artwork. Multi-page/multi-side library save stays open with its explicit limitation; separately verify any production export formats required for launch.",NOT_RUN,,,,,,,,,,,,,,,
06-customer_A-S,Address and identity changes,customer_A,S,"Persist line 2/country through default selection, typed overrides, reload, checkout profile, server order snapshot and receipt. Slow the saved-address response, type a country-only change, then switch A→B; old A responses cannot overwrite B. Addresses/profile preferences may be user-wide by design; order/design visibility still follows both user and shop.",NOT_RUN,,,,,,,,,,,,,,,
06-customer_A-T,Address and identity changes,customer_A,T,"Persist line 2/country through default selection, typed overrides, reload, checkout profile, server order snapshot and receipt. Slow the saved-address response, type a country-only change, then switch A→B; old A responses cannot overwrite B. Addresses/profile preferences may be user-wide by design; order/design visibility still follows both user and shop.",NOT_RUN,,,,,,,,,,,,,,,
06-customer_B-S,Address and identity changes,customer_B,S,"Persist line 2/country through default selection, typed overrides, reload, checkout profile, server order snapshot and receipt. Slow the saved-address response, type a country-only change, then switch A→B; old A responses cannot overwrite B. Addresses/profile preferences may be user-wide by design; order/design visibility still follows both user and shop.",NOT_RUN,,,,,,,,,,,,,,,
06-customer_B-T,Address and identity changes,customer_B,T,"Persist line 2/country through default selection, typed overrides, reload, checkout profile, server order snapshot and receipt. Slow the saved-address response, type a country-only change, then switch A→B; old A responses cannot overwrite B. Addresses/profile preferences may be user-wide by design; order/design visibility still follows both user and shop.",NOT_RUN,,,,,,,,,,,,,,,
07-customer_A-S,Account/RLS separation,customer_A,S,"A cannot select/update B's orders/designs, acknowledge B's messages, upload a replacement to B's order, or directly insert order-file rows. Correct account on wrong shop route must not reveal another shop's order details. Use actual customer tokens through Data API; service-role checks cannot prove this.",NOT_RUN,,,,,,,,,,,,,,,
07-customer_A-T,Account/RLS separation,customer_A,T,"A cannot select/update B's orders/designs, acknowledge B's messages, upload a replacement to B's order, or directly insert order-file rows. Correct account on wrong shop route must not reveal another shop's order details. Use actual customer tokens through Data API; service-role checks cannot prove this.",NOT_RUN,,,,,,,,,,,,,,,
07-customer_B-S,Account/RLS separation,customer_B,S,"A cannot select/update B's orders/designs, acknowledge B's messages, upload a replacement to B's order, or directly insert order-file rows. Correct account on wrong shop route must not reveal another shop's order details. Use actual customer tokens through Data API; service-role checks cannot prove this.",NOT_RUN,,,,,,,,,,,,,,,
07-customer_B-T,Account/RLS separation,customer_B,T,"A cannot select/update B's orders/designs, acknowledge B's messages, upload a replacement to B's order, or directly insert order-file rows. Correct account on wrong shop route must not reveal another shop's order details. Use actual customer tokens through Data API; service-role checks cannot prove this.",NOT_RUN,,,,,,,,,,,,,,,
08-customer_A-S,Messages and replacements,customer_A,S,"Operator creates a file request and message in each shop. Customer reads only those exact operator-message IDs; failure/partial RPC return does not fake read state. Replacement dry-run, binary upload and finalization succeed with the correct Storage `owner_id`, size and JWT issuer. Double-submit/replay is idempotent; concurrent replacements yield one accepted current version; wrong owner/path/current-file IDs fail. Existing/current files remain downloadable.",NOT_RUN,,,,,,,,,,,,,,,
08-customer_A-T,Messages and replacements,customer_A,T,"Operator creates a file request and message in each shop. Customer reads only those exact operator-message IDs; failure/partial RPC return does not fake read state. Replacement dry-run, binary upload and finalization succeed with the correct Storage `owner_id`, size and JWT issuer. Double-submit/replay is idempotent; concurrent replacements yield one accepted current version; wrong owner/path/current-file IDs fail. Existing/current files remain downloadable.",NOT_RUN,,,,,,,,,,,,,,,
08-customer_B-S,Messages and replacements,customer_B,S,"Operator creates a file request and message in each shop. Customer reads only those exact operator-message IDs; failure/partial RPC return does not fake read state. Replacement dry-run, binary upload and finalization succeed with the correct Storage `owner_id`, size and JWT issuer. Double-submit/replay is idempotent; concurrent replacements yield one accepted current version; wrong owner/path/current-file IDs fail. Existing/current files remain downloadable.",NOT_RUN,,,,,,,,,,,,,,,
08-customer_B-T,Messages and replacements,customer_B,T,"Operator creates a file request and message in each shop. Customer reads only those exact operator-message IDs; failure/partial RPC return does not fake read state. Replacement dry-run, binary upload and finalization succeed with the correct Storage `owner_id`, size and JWT issuer. Double-submit/replay is idempotent; concurrent replacements yield one accepted current version; wrong owner/path/current-file IDs fail. Existing/current files remain downloadable.",NOT_RUN,,,,,,,,,,,,,,,
09-anonymous-S,Hosted Storage immutability,anonymous,S,"Exercise actual Storage upload/download, overwrite and delete APIs for replacement paths and `checkout-finalized/` paths under anon, owner and another customer. Verify prohibited changes fail and bytes remain identical. Public `order-files` visibility is unchanged by this release: do not claim public file URLs are private merely because account APIs are scoped.",NOT_RUN,,,,,,,,,,,,,,,
09-anonymous-T,Hosted Storage immutability,anonymous,T,"Exercise actual Storage upload/download, overwrite and delete APIs for replacement paths and `checkout-finalized/` paths under anon, owner and another customer. Verify prohibited changes fail and bytes remain identical. Public `order-files` visibility is unchanged by this release: do not claim public file URLs are private merely because account APIs are scoped.",NOT_RUN,,,,,,,,,,,,,,,
09-customer_A-S,Hosted Storage immutability,customer_A,S,"Exercise actual Storage upload/download, overwrite and delete APIs for replacement paths and `checkout-finalized/` paths under anon, owner and another customer. Verify prohibited changes fail and bytes remain identical. Public `order-files` visibility is unchanged by this release: do not claim public file URLs are private merely because account APIs are scoped.",NOT_RUN,,,,,,,,,,,,,,,
09-customer_A-T,Hosted Storage immutability,customer_A,T,"Exercise actual Storage upload/download, overwrite and delete APIs for replacement paths and `checkout-finalized/` paths under anon, owner and another customer. Verify prohibited changes fail and bytes remain identical. Public `order-files` visibility is unchanged by this release: do not claim public file URLs are private merely because account APIs are scoped.",NOT_RUN,,,,,,,,,,,,,,,
09-customer_B-S,Hosted Storage immutability,customer_B,S,"Exercise actual Storage upload/download, overwrite and delete APIs for replacement paths and `checkout-finalized/` paths under anon, owner and another customer. Verify prohibited changes fail and bytes remain identical. Public `order-files` visibility is unchanged by this release: do not claim public file URLs are private merely because account APIs are scoped.",NOT_RUN,,,,,,,,,,,,,,,
09-customer_B-T,Hosted Storage immutability,customer_B,T,"Exercise actual Storage upload/download, overwrite and delete APIs for replacement paths and `checkout-finalized/` paths under anon, owner and another customer. Verify prohibited changes fail and bytes remain identical. Public `order-files` visibility is unchanged by this release: do not claim public file URLs are private merely because account APIs are scoped.",NOT_RUN,,,,,,,,,,,,,,,
10-customer_A-S,Payment success/failure/3DS,customer_A,S,"Actual test PaymentElement success, decline, 3DS success/cancel and redirect return. A paid-status toast alone is not order acceptance. Only server finalizer success with durable order identity permits order confirmation; failed/pending finalization retains retry controls and the authoritative receipt.",NOT_RUN,,,,,,,,,,,,,,,
10-customer_A-T,Payment success/failure/3DS,customer_A,T,"Actual test PaymentElement success, decline, 3DS success/cancel and redirect return. A paid-status toast alone is not order acceptance. Only server finalizer success with durable order identity permits order confirmation; failed/pending finalization retains retry controls and the authoritative receipt.",NOT_RUN,,,,,,,,,,,,,,,
10-customer_B-S,Payment success/failure/3DS,customer_B,S,"Actual test PaymentElement success, decline, 3DS success/cancel and redirect return. A paid-status toast alone is not order acceptance. Only server finalizer success with durable order identity permits order confirmation; failed/pending finalization retains retry controls and the authoritative receipt.",NOT_RUN,,,,,,,,,,,,,,,
10-customer_B-T,Payment success/failure/3DS,customer_B,T,"Actual test PaymentElement success, decline, 3DS success/cancel and redirect return. A paid-status toast alone is not order acceptance. Only server finalizer success with durable order identity permits order confirmation; failed/pending finalization retains retry controls and the authoritative receipt.",NOT_RUN,,,,,,,,,,,,,,,
11-customer_A-S,Retry/concurrency/cancellation,customer_A,S,"Double-click and same-attempt retry produce one intent/order. Altered retry body fails. Definitive cancellation permits a new attempt; processing/uncertain state retains recovery. Race cancellation with success and delayed creation. Reload pending and completed checkout; use persisted order totals, not later edited local totals.",NOT_RUN,,,,,,,,,,,,,,,
11-customer_A-T,Retry/concurrency/cancellation,customer_A,T,"Double-click and same-attempt retry produce one intent/order. Altered retry body fails. Definitive cancellation permits a new attempt; processing/uncertain state retains recovery. Race cancellation with success and delayed creation. Reload pending and completed checkout; use persisted order totals, not later edited local totals.",NOT_RUN,,,,,,,,,,,,,,,
11-customer_B-S,Retry/concurrency/cancellation,customer_B,S,"Double-click and same-attempt retry produce one intent/order. Altered retry body fails. Definitive cancellation permits a new attempt; processing/uncertain state retains recovery. Race cancellation with success and delayed creation. Reload pending and completed checkout; use persisted order totals, not later edited local totals.",NOT_RUN,,,,,,,,,,,,,,,
11-customer_B-T,Retry/concurrency/cancellation,customer_B,T,"Double-click and same-attempt retry produce one intent/order. Altered retry body fails. Definitive cancellation permits a new attempt; processing/uncertain state retains recovery. Race cancellation with success and delayed creation. Reload pending and completed checkout; use persisted order totals, not later edited local totals.",NOT_RUN,,,,,,,,,,,,,,,
12-customer_A-S,Webhook-only completion,customer_A,S,"Close the browser after payment, deliver the genuine signed success event, then sign in afresh: one order and all files exist. Replay/duplicate and delayed events remain idempotent. In disposable staging only, induce finalizer write failure, observe non-2xx event delivery and no partial order, restore and retry. Do not force failures in the linked business database.",NOT_RUN,,,,,,,,,,,,,,,
12-customer_A-T,Webhook-only completion,customer_A,T,"Close the browser after payment, deliver the genuine signed success event, then sign in afresh: one order and all files exist. Replay/duplicate and delayed events remain idempotent. In disposable staging only, induce finalizer write failure, observe non-2xx event delivery and no partial order, restore and retry. Do not force failures in the linked business database.",NOT_RUN,,,,,,,,,,,,,,,
12-customer_B-S,Webhook-only completion,customer_B,S,"Close the browser after payment, deliver the genuine signed success event, then sign in afresh: one order and all files exist. Replay/duplicate and delayed events remain idempotent. In disposable staging only, induce finalizer write failure, observe non-2xx event delivery and no partial order, restore and retry. Do not force failures in the linked business database.",NOT_RUN,,,,,,,,,,,,,,,
12-customer_B-T,Webhook-only completion,customer_B,T,"Close the browser after payment, deliver the genuine signed success event, then sign in afresh: one order and all files exist. Replay/duplicate and delayed events remain idempotent. In disposable staging only, induce finalizer write failure, observe non-2xx event delivery and no partial order, restore and retry. Do not force failures in the linked business database.",NOT_RUN,,,,,,,,,,,,,,,
13-customer_A-S,Guest and session expiry,customer_A,S,Signed-out test payment finalizes by recovery token. Wrong token is denied; matching email cannot claim order. Account-originated checkout signed out or switched to B cannot finalize with A's token. Verify session refresh and browser restart/return behavior honestly; do not promise recovery if the required session/token was lost.,NOT_RUN,,,,,,,,,,,,,,,
13-customer_A-T,Guest and session expiry,customer_A,T,Signed-out test payment finalizes by recovery token. Wrong token is denied; matching email cannot claim order. Account-originated checkout signed out or switched to B cannot finalize with A's token. Verify session refresh and browser restart/return behavior honestly; do not promise recovery if the required session/token was lost.,NOT_RUN,,,,,,,,,,,,,,,
13-customer_B-S,Guest and session expiry,customer_B,S,Signed-out test payment finalizes by recovery token. Wrong token is denied; matching email cannot claim order. Account-originated checkout signed out or switched to B cannot finalize with A's token. Verify session refresh and browser restart/return behavior honestly; do not promise recovery if the required session/token was lost.,NOT_RUN,,,,,,,,,,,,,,,
13-customer_B-T,Guest and session expiry,customer_B,T,Signed-out test payment finalizes by recovery token. Wrong token is denied; matching email cannot claim order. Account-originated checkout signed out or switched to B cannot finalize with A's token. Verify session refresh and browser restart/return behavior honestly; do not promise recovery if the required session/token was lost.,NOT_RUN,,,,,,,,,,,,,,,
14-customer_A-S,Durable test email,customer_A,S,"Customer/operator messages correspond to committed order data and correct shop URLs/branding. No browser must remain open. Failed sends remain queued/retryable; duplicate callbacks/workers do not send duplicates within the provider idempotency window. Missing/wrong worker secret, disabled mode, live/test mismatch and nonallowlisted recipient produce no mail. At 23h/8 attempts, ambiguous sends become `needs_review`; do not blindly resend beyond the idempotency window.",NOT_RUN,,,,,,,,,,,,,,,
14-customer_A-T,Durable test email,customer_A,T,"Customer/operator messages correspond to committed order data and correct shop URLs/branding. No browser must remain open. Failed sends remain queued/retryable; duplicate callbacks/workers do not send duplicates within the provider idempotency window. Missing/wrong worker secret, disabled mode, live/test mismatch and nonallowlisted recipient produce no mail. At 23h/8 attempts, ambiguous sends become `needs_review`; do not blindly resend beyond the idempotency window.",NOT_RUN,,,,,,,,,,,,,,,
14-customer_B-S,Durable test email,customer_B,S,"Customer/operator messages correspond to committed order data and correct shop URLs/branding. No browser must remain open. Failed sends remain queued/retryable; duplicate callbacks/workers do not send duplicates within the provider idempotency window. Missing/wrong worker secret, disabled mode, live/test mismatch and nonallowlisted recipient produce no mail. At 23h/8 attempts, ambiguous sends become `needs_review`; do not blindly resend beyond the idempotency window.",NOT_RUN,,,,,,,,,,,,,,,
14-customer_B-T,Durable test email,customer_B,T,"Customer/operator messages correspond to committed order data and correct shop URLs/branding. No browser must remain open. Failed sends remain queued/retryable; duplicate callbacks/workers do not send duplicates within the provider idempotency window. Missing/wrong worker secret, disabled mode, live/test mismatch and nonallowlisted recipient produce no mail. At 23h/8 attempts, ambiguous sends become `needs_review`; do not blindly resend beyond the idempotency window.",NOT_RUN,,,,,,,,,,,,,,,
15-anonymous-S,Manual status/problem email,anonymous,S,"Actual owner/same-shop staff may request a saved order's update; customer, anonymous and other-shop staff tokens must fail. Forged recipient/content fields have no effect, and legacy confirmation calls return 409. A new problem with unchanged status sends its saved problem message without inserting false status history. Only allowlisted test-order recipients are contacted. Failed sending warns while the saved order remains successful. These direct operator requests have no durable outbox.",NOT_RUN,,,,,,,,,,,,,,,
15-anonymous-T,Manual status/problem email,anonymous,T,"Actual owner/same-shop staff may request a saved order's update; customer, anonymous and other-shop staff tokens must fail. Forged recipient/content fields have no effect, and legacy confirmation calls return 409. A new problem with unchanged status sends its saved problem message without inserting false status history. Only allowlisted test-order recipients are contacted. Failed sending warns while the saved order remains successful. These direct operator requests have no durable outbox.",NOT_RUN,,,,,,,,,,,,,,,
15-customer_A-S,Manual status/problem email,customer_A,S,"Actual owner/same-shop staff may request a saved order's update; customer, anonymous and other-shop staff tokens must fail. Forged recipient/content fields have no effect, and legacy confirmation calls return 409. A new problem with unchanged status sends its saved problem message without inserting false status history. Only allowlisted test-order recipients are contacted. Failed sending warns while the saved order remains successful. These direct operator requests have no durable outbox.",NOT_RUN,,,,,,,,,,,,,,,
15-customer_A-T,Manual status/problem email,customer_A,T,"Actual owner/same-shop staff may request a saved order's update; customer, anonymous and other-shop staff tokens must fail. Forged recipient/content fields have no effect, and legacy confirmation calls return 409. A new problem with unchanged status sends its saved problem message without inserting false status history. Only allowlisted test-order recipients are contacted. Failed sending warns while the saved order remains successful. These direct operator requests have no durable outbox.",NOT_RUN,,,,,,,,,,,,,,,
15-customer_B-S,Manual status/problem email,customer_B,S,"Actual owner/same-shop staff may request a saved order's update; customer, anonymous and other-shop staff tokens must fail. Forged recipient/content fields have no effect, and legacy confirmation calls return 409. A new problem with unchanged status sends its saved problem message without inserting false status history. Only allowlisted test-order recipients are contacted. Failed sending warns while the saved order remains successful. These direct operator requests have no durable outbox.",NOT_RUN,,,,,,,,,,,,,,,
15-customer_B-T,Manual status/problem email,customer_B,T,"Actual owner/same-shop staff may request a saved order's update; customer, anonymous and other-shop staff tokens must fail. Forged recipient/content fields have no effect, and legacy confirmation calls return 409. A new problem with unchanged status sends its saved problem message without inserting false status history. Only allowlisted test-order recipients are contacted. Failed sending warns while the saved order remains successful. These direct operator requests have no durable outbox.",NOT_RUN,,,,,,,,,,,,,,,
15-owner_S-S,Manual status/problem email,owner_S,S,"Actual owner/same-shop staff may request a saved order's update; customer, anonymous and other-shop staff tokens must fail. Forged recipient/content fields have no effect, and legacy confirmation calls return 409. A new problem with unchanged status sends its saved problem message without inserting false status history. Only allowlisted test-order recipients are contacted. Failed sending warns while the saved order remains successful. These direct operator requests have no durable outbox.",NOT_RUN,,,,,,,,,,,,,,,
15-owner_S-T,Manual status/problem email,owner_S,T,"Actual owner/same-shop staff may request a saved order's update; customer, anonymous and other-shop staff tokens must fail. Forged recipient/content fields have no effect, and legacy confirmation calls return 409. A new problem with unchanged status sends its saved problem message without inserting false status history. Only allowlisted test-order recipients are contacted. Failed sending warns while the saved order remains successful. These direct operator requests have no durable outbox.",NOT_RUN,,,,,,,,,,,,,,,
15-owner_T-S,Manual status/problem email,owner_T,S,"Actual owner/same-shop staff may request a saved order's update; customer, anonymous and other-shop staff tokens must fail. Forged recipient/content fields have no effect, and legacy confirmation calls return 409. A new problem with unchanged status sends its saved problem message without inserting false status history. Only allowlisted test-order recipients are contacted. Failed sending warns while the saved order remains successful. These direct operator requests have no durable outbox.",NOT_RUN,,,,,,,,,,,,,,,
15-owner_T-T,Manual status/problem email,owner_T,T,"Actual owner/same-shop staff may request a saved order's update; customer, anonymous and other-shop staff tokens must fail. Forged recipient/content fields have no effect, and legacy confirmation calls return 409. A new problem with unchanged status sends its saved problem message without inserting false status history. Only allowlisted test-order recipients are contacted. Failed sending warns while the saved order remains successful. These direct operator requests have no durable outbox.",NOT_RUN,,,,,,,,,,,,,,,
16-operator-S+T,Kill switch and operations,operator,S+T,"Disabling new checkout blocks new intents while existing paid attempts still finalize. Disabling email prevents new dispatch without losing queued records. Document how the operator finds incomplete paid attempts, undelivered email and each test failure; avoid historical backfill or supplier submission as part of acceptance.",NOT_RUN,,,,,,,,,,,,,,,
17-guest-S,Guest purchase,guest,S,"Actual signed-out Auth state, approved production file, Stripe test payment, durable order, token-only recovery and allowlisted inbox receipt; matching email must not attach the order to an account. Preserve the sanitized evidence chain.",NOT_RUN,,,,,,,,,,,,,,,
17-guest-T,Guest purchase,guest,T,"Actual signed-out Auth state, approved production file, Stripe test payment, durable order, token-only recovery and allowlisted inbox receipt; matching email must not attach the order to an account. Preserve the sanitized evidence chain.",NOT_RUN,,,,,,,,,,,,,,,
