path	state	sha256	bytes	review_bucket
.gitignore	changed	f170e66d30c5c9aabbac6b6a8d978d1312baa554364a740680fee21eff941be8	3729	runtime candidate
package.json	changed	71eb2675cadca87369cea391c729e12406310f2d5727d0b8d7a5c8f29b3040a2	19612	runtime candidate
pnpm-lock.yaml	changed	7f85ec3877a345ba713e935d533e0a79122bf9753acc515e1cfedc68341662c3	271743	runtime candidate
public/design-presets/calm-hero.webp	untracked	55e412e6274ff050b43500b2b3fbf1886508b7572493073b3b18da782c05704e	45198	runtime candidate
public/design-presets/category-posters.webp	untracked	68d087204a662efdd170a47809a5cbcd39ff957bf48e5b0d5a99b8254fd0118c	30024	runtime candidate
public/design-presets/category-print.webp	untracked	b318ab609550f9c3129909088c262f04ba8794b7375b49eca55754064ccb27ef	43632	runtime candidate
public/design-presets/category-stickers.webp	untracked	f909463c9d71d11f61b9cc100961d3d5135f043c5566015daffec8c73d71d0b8	26154	runtime candidate
public/design-presets/category-textile.webp	untracked	c6dd22eda98637f01f139ecca7fcadc85ff249104795ba6a17d725408bda5a24	68116	runtime candidate
public/design-presets/familiar-hero.webp	untracked	e07edbb9cc3fcf59c6967b53a5d945d13644fe1d4c6f3114107d3bdca4e20362	73090	runtime candidate
public/design-presets/nordic-hero.webp	untracked	5700b7a3bd850f330d1dc5212b54d0b410808cba87142cdfbde43c350cd932d3	56014	runtime candidate
public/design-presets/order-flow/1.webp	untracked	f61d78885a147cdd3846a14c2631904d4ead5b28181062895d9225bd87f1e90a	22416	runtime candidate
public/design-presets/order-flow/11.webp	untracked	eb7106576f0788a084cb5e87d2bb8b5f8bf3f946440608239c34f8c8cb8e2a20	8712	runtime candidate
public/design-presets/order-flow/12.webp	untracked	3819ea79efc4407a72bfea2880b0104a8fcc32d69fb9c56e5224673467ad2b96	15582	runtime candidate
public/design-presets/order-flow/13.webp	untracked	8d78e2a32456f85983ae7c5b45c6c97217fb120da079891be88e625c8e9fbe52	13100	runtime candidate
public/design-presets/order-flow/15.webp	untracked	62cfaa2a255ee3760badef3849f378d688b5505bdac3e2b8df79b3df60bfd4b8	12932	runtime candidate
public/design-presets/order-flow/16.webp	untracked	903a4bb26c9222bfc73dd5846224aa1f21a0783cc7865436cb0c9d5b141828b0	13894	runtime candidate
public/design-presets/order-flow/18.webp	untracked	c128ed1379878f6e0dc6b0b068feccfa612a2a474022c73e6c23d64d8831b310	16078	runtime candidate
public/design-presets/order-flow/2.webp	untracked	2d8d1d3b014a236855bb4bd4fd9af6bc47b5eab064da211fcabdfc4c8b89f9ed	19506	runtime candidate
public/design-presets/order-flow/4.webp	untracked	60e9c3d92edcbbe049a933e289266dd855a819052036cffb37b6103ef7bd6fb0	15232	runtime candidate
public/design-presets/order-flow/6.webp	untracked	1e086112fcba4b073403e8521ff289fcda989ce7ce82748578c74b9c22fdbb97	18434	runtime candidate
public/design-presets/order-flow/7.webp	untracked	4725d9ec1066232911b82984d54622829baf28bee5678be61da65c3c9d06ef30	16082	runtime candidate
public/design-presets/order-flow/9.webp	untracked	778a2a8a98fda5306e08749d3973073b71ee63d4c25b827a29803b2ef52336f7	15586	runtime candidate
public/design-presets/order-flow/sample-artwork.webp	untracked	5367b37146c8adfa7ebc5889cbad137ef60b57ae90c79396d1673fa3afa86c2a	42198	runtime candidate
public/design-presets/precise-hero.webp	untracked	7932473cb4f444984f001524c401b2e8b4c2639270ccd99a872c28e7103b661c	41646	runtime candidate
public/design-presets/preview-1.webp	untracked	0c4c71cce23756db47e00a131406ecfabf1303c498109c7e563634b5e44a2e0b	32838	runtime candidate
public/design-presets/preview-2.webp	untracked	7001fdf3e3eed00f1a46cb2a913ac3d4541ba481c122c3e84f8fa4969da217be	47636	runtime candidate
public/design-presets/preview-3.webp	untracked	ddd5414dbf7bf13fbdc1d9cec305dbb9f7b8054e32032af2611e583dee5bbbd0	46664	runtime candidate
public/design-presets/preview-4.webp	untracked	8b115ce906895374a740b2c64147832bb7b1efb72778e7e3edc3e47337aae587	32868	runtime candidate
public/design-presets/preview-5.webp	untracked	2e8bcdaeebfb251f83bd3a880823bb6d43119bdf0c2093332fb0ecb98045a291	37662	runtime candidate
public/platform/landing/designer.webp	untracked	18f669b1c4c181099780f9bd09d73a3cc97db24b203745333caaecc118cc6b40	48836	runtime candidate
public/platform/landing/motion/designer.webp	untracked	18f669b1c4c181099780f9bd09d73a3cc97db24b203745333caaecc118cc6b40	48836	runtime candidate
public/platform/landing/motion/gsap.min.js	untracked	c174bfce53a729418d57a8ad8625e7247c793a22fef8e2851e3cfa3de9cd8280	72779	runtime candidate
public/platform/landing/motion/index.html	untracked	c7b21ef9d39f3967314201d5bf5b358efd90e152cae390c6088bd528907f475c	3267	runtime candidate
public/platform/landing/motion/preview-bridge.js	untracked	a2c03499ca700dd23d7c16acc3f7bae5e0300675be089b1167815eea83e4ef1f	1446	runtime candidate
public/platform/landing/motion/storefront.webp	untracked	ee5a35bafa0377be363cdd6b561699fa024b9e0af1234d2312636624fbf26361	76886	runtime candidate
public/platform/landing/storefront.webp	untracked	ee5a35bafa0377be363cdd6b561699fa024b9e0af1234d2312636624fbf26361	76886	runtime candidate
src/App.tsx	changed	e8edbd76033fbfa50b18bfc062c006df32efcec7e034f1a66fc76b4a39a98113	9570	runtime candidate
src/assets/product-options/calendar-brands/celebrations.png	untracked	53eed07e417d560da50fc0f99e062bfe0bddf94e2c2228b889e80f4129dc1c3c	24614	runtime candidate
src/assets/product-options/calendar-brands/kinder.png	untracked	3cc1ef940fc4c36abdd9b1086010652e876acfe148d2bf06568946c2a16448ae	84716	runtime candidate
src/assets/product-options/calendar-brands/lindt.png	untracked	dddf0f8b1841eae6e42779c8368fe64901243b9f1e52244f84d7db570551f402	13902	runtime candidate
src/assets/product-options/calendar-brands/merci.png	untracked	9e98d0c64d7f0b19e19f6439d83778ea82696c6572cc54a0ba91d1d536b464c7	56948	runtime candidate
src/assets/product-options/calendar-brands/milka.svg	untracked	8756ddbe3935e08fb18898be6e4b21df83be636fe8be65204062e45c3705a0db	3428	runtime candidate
src/assets/product-options/calendar-brands/ritter-sport.png	untracked	579c30c56433ef5e46949c15d7d1632edaa801bcbff2a6ea2ba2cc3011ce45a0	5309	runtime candidate
src/assets/product-options/calendar-brands/toblerone.svg	untracked	3acfa670f9b81679261ccfc0f1f897760536f70493184fd8a2983bc6d0b58e4f	4461	runtime candidate
src/assets/product-options/calendar-fillings/celebrations.png	untracked	bc96205899309dc1afd976cbaa74f5fe41486b906e164f99d5019e8e26654e43	1794024	runtime candidate
src/assets/product-options/calendar-fillings/kinder-mini-mix.png	untracked	536c00f3e2c7a1290ebf8b8c115232dc4a13317827960bbbc48c9715df2d1340	1572320	runtime candidate
src/assets/product-options/calendar-fillings/lindt-hello-mini-sticks.png	untracked	aa2d0809723a42ee5f48d01f69c2027e8ad0c5ca7ec6fc71a22386286885c49e	1648266	runtime candidate
src/assets/product-options/calendar-fillings/lindt-lindor-balls.png	untracked	6453bf7c32b4580ce778602c84ca6012e182f9e16d481d89e9493938d4b0b5f7	179250	runtime candidate
src/assets/product-options/calendar-fillings/merci-petits.png	untracked	ce73feddd41a85a7e38911b984f827af0cc764444fef0e0cb97e53336ffcf019	1716656	runtime candidate
src/assets/product-options/calendar-fillings/milka-favourites.png	untracked	b971b6c26b3bfa65fbdcf427e79bb9b412be2f72e0f766a92c7e59f881333e60	157637	runtime candidate
src/assets/product-options/calendar-fillings/ritter-sport-cubes.png	untracked	7fac810b37acb6b88bca8ae55a59534ff554e1efbf37083324e0faa0f4cdf98d	176591	runtime candidate
src/assets/product-options/calendar-fillings/toblerone-mix.png	untracked	f2a933aafab6be3bc03bcd45208722f2e2efc60940cafa734e488082a073cbab	156622	runtime candidate
src/assets/product-options/sales-folders/models/v1/a4--2-part-2-flaps-window.svg	untracked	8d2fce24cd7ae3dcdc0c6415a3c0dea54931ef53fc394240b64ce1e46becb41b	920	runtime candidate
src/assets/product-options/sales-folders/models/v1/a4--2-part-2-flaps.svg	untracked	0b9fe395409096858d17119a83eb066ba1fdc4df9956d24658d7c563ce378dde	770	runtime candidate
src/assets/product-options/sales-folders/models/v1/a4--2-part-3-flaps-window.svg	untracked	49b7207b71bef984772efece53ca2f2c5d7cb91368cd04f7322204e2b8869f8b	1082	runtime candidate
src/assets/product-options/sales-folders/models/v1/a4--2-part-3-flaps.svg	untracked	289e56a18fee45b034dbfe6909e5034b3ccd258da773bbe8eece23f6fe565d41	930	runtime candidate
src/assets/product-options/sales-folders/models/v1/a4--2-part-standard-window.svg	untracked	5203d54642569f3900575dd273a2eca51081d6cbd426c4a005190ac39e94e6d8	755	runtime candidate
src/assets/product-options/sales-folders/models/v1/a4--2-part-standard.svg	untracked	a816645ea595cc2c18ffee3433d9200d62d6d4aaaf4dd22461af33e8e62ee7b7	605	runtime candidate
src/assets/product-options/sales-folders/models/v1/a4--3-part-1-flap.svg	untracked	75cf00504f58d40ec151e443b415034645056e4c2ea25e1c81ccb2aed020b8ea	734	runtime candidate
src/assets/product-options/sales-folders/models/v1/a5--2-part-2-flaps.svg	untracked	a7af3e14691c08c132b31373917a932feba815785fbe2c0eb3026927b870e568	766	runtime candidate
src/assets/product-options/sales-folders/models/v1/a5--2-part-3-flaps.svg	untracked	0a159b84bf0f7592022b5940d02d9d571627917709ff541ffe9c8bcc50ed7155	923	runtime candidate
src/assets/product-options/sales-folders/models/v1/a5--2-part-standard.svg	untracked	9a74216300bf99d83aa7d1415ed12f6b5f82e88fd7cb2f6bb3204256fe2adfca	601	runtime candidate
src/assets/product-options/sales-folders/models/v1/a5--3-part-1-flap.svg	untracked	0a0ef2bd4999d3a48d77f7931128088e6a571502eae92494fff4ae27731d6a5b	733	runtime candidate
src/assets/product-options/sales-folders/models/v1/a6--2-part-2-flaps.svg	untracked	ff7ca1ac3079f0e190603dd98f3b8f526ba6ef34064796d04f3285ed2209ccfa	766	runtime candidate
src/assets/product-options/sales-folders/models/v1/a6--2-part-3-flaps.svg	untracked	b6bed2267bba25642c00afac315c3d2e6b2fe80e5a42a74a72a91a4219d5b0ab	932	runtime candidate
src/assets/product-options/sales-folders/models/v1/a6--2-part-closure.svg	untracked	fad9a2576dc51efed04d9841117ad6b2d2f353bb99459248278a0a77eb00a8a0	863	runtime candidate
src/assets/product-options/sales-folders/models/v1/a6--3-part-1-flap.svg	untracked	3af735e1fa3e255340d064d9e15862f4e6809a0ff10ac3333f3599283ad26afd	724	runtime candidate
src/assets/product-options/sales-folders/models/v1/cd-135x135--2-part-closure.svg	untracked	ae71384987ffccc405ea1929f38a6a69e74b3af9c06b4abd6c5edd24a35edc03	1035	runtime candidate
src/assets/product-options/sales-folders/models/v1/din-lang--2-part-2-flaps.svg	untracked	110712f6259e4fa7790bb57500a8dd152845cda22d612007727196839d49cf04	763	runtime candidate
src/assets/product-options/sales-folders/models/v1/din-lang--2-part-3-flaps.svg	untracked	386626ec86835cd24a2414b453062538731d4d6f4a03e496cf5cb2db10749c15	929	runtime candidate
src/assets/product-options/sales-folders/models/v1/din-lang--2-part-closure.svg	untracked	343cfb0378f394be33003fd767cc27651e7c23c42f25b983f3cce15bc69a6954	857	runtime candidate
src/assets/product-options/sales-folders/models/v1/png/master/a4--2-part-2-flaps-window.png	untracked	e1492854dcca99c9fc437ef2740b9d029992079933533394b059acb401049bc0	16158	runtime candidate
src/assets/product-options/sales-folders/models/v1/png/master/a4--2-part-2-flaps.png	untracked	36878eb0f9ab068b78831c3b629c389c81c2be449ce43d536b9de1441c35d001	14385	runtime candidate
src/assets/product-options/sales-folders/models/v1/png/master/a4--2-part-3-flaps-window.png	untracked	bd36579610ea0c5967149313a2da15546e4279e5856b4350726085305793b6e7	18290	runtime candidate
src/assets/product-options/sales-folders/models/v1/png/master/a4--2-part-3-flaps.png	untracked	34baeaffb9a248fbf92ecf51363863786f510432ba12330c820a64c0b4b8c988	16320	runtime candidate
src/assets/product-options/sales-folders/models/v1/png/master/a4--2-part-standard-window.png	untracked	a140d3ed35ed24485478dcda8b88445a934a82aea508515847af0a5a74361163	14460	runtime candidate
src/assets/product-options/sales-folders/models/v1/png/master/a4--2-part-standard.png	untracked	9b6231f8f6f26539c9994e5e93c2cefbd57c7d3f1d5079d712b01eee95313c71	12665	runtime candidate
src/assets/product-options/sales-folders/models/v1/png/master/a4--3-part-1-flap.png	untracked	d9eaec65d837d272fdb4fe018b3b73ee2170ce2d578f96a791fae37199228e09	14175	runtime candidate
src/assets/product-options/sales-folders/models/v1/png/master/a5--2-part-2-flaps.png	untracked	841f97bc744523febaa90e710827c1c28d8bc49d863e13ac790bc4d561b25523	13449	runtime candidate
src/assets/product-options/sales-folders/models/v1/png/master/a5--2-part-3-flaps.png	untracked	bb6f3535775748edd8a01736fd1dd572b2e97abc569319a846edd737198c7860	17211	runtime candidate
src/assets/product-options/sales-folders/models/v1/png/master/a5--2-part-standard.png	untracked	55f8cdf4689858c7900ed5d3da1bee2520378c17204b7c0ccda6302dd2141220	12213	runtime candidate
src/assets/product-options/sales-folders/models/v1/png/master/a5--3-part-1-flap.png	untracked	7a034d4de0a1f5d51ee99ef49772ce8d4ec7e6701cb52a62f96d7c5718b1aa14	14353	runtime candidate
src/assets/product-options/sales-folders/models/v1/png/master/a6--2-part-2-flaps.png	untracked	0a7fa711e914cd742960c4440226a753345b88c8c13d79b63b41d659e73f5cf6	13990	runtime candidate
src/assets/product-options/sales-folders/models/v1/png/master/a6--2-part-3-flaps.png	untracked	51cdc2d4cde949bb4e8c252763a84ecdf562034af2d95f3e3fb5f723f3e75821	17199	runtime candidate
src/assets/product-options/sales-folders/models/v1/png/master/a6--2-part-closure.png	untracked	c2720dc341135d7eeefa87043cf0f8d1056e171b5244d3fe5bcddf91caa42ac4	13778	runtime candidate
src/assets/product-options/sales-folders/models/v1/png/master/a6--3-part-1-flap.png	untracked	b0386d70f5c3e5f90b38c67462a791a15279f9d20234bc2c194274d4ba3fbf2d	14512	runtime candidate
src/assets/product-options/sales-folders/models/v1/png/master/din-lang--2-part-2-flaps.png	untracked	905a532c4c88202bca147dd56c239c03bd260d917d5fc120733729c8b2e9d15d	14836	runtime candidate
src/assets/product-options/sales-folders/models/v1/png/master/din-lang--2-part-3-flaps.png	untracked	2668c49b3f17ad5bc05b53b91d517100bf34b09e432ec99ef804b0c6f5ab06b3	18236	runtime candidate
src/assets/product-options/sales-folders/models/v1/png/master/din-lang--2-part-closure.png	untracked	46a3d108d83fa51324c967df72bb804aab81d140e4bb2672ebf58c90353d20f4	14569	runtime candidate
src/assets/product-options/sales-folders/models/v1/png/master/square-21x21--2-part-2-flaps.png	untracked	b8cbd343332184b532c6997f2d04f7c2c38b885a29f0ac4113550cffbf6a6352	13048	runtime candidate
src/assets/product-options/sales-folders/models/v1/png/master/square-21x21--2-part-3-flaps.png	untracked	9f8616dd69c5b1003898f1b25b470fd443cf0db66b2ec82c9377bbf1ff7afa61	14890	runtime candidate
src/assets/product-options/sales-folders/models/v1/png/ui/a4--2-part-2-flaps-window.png	untracked	13f1c78781abb1b125b6a998c0df0c0b3ba9687f4ffd63d22df3cc11a21cb782	6505	runtime candidate
src/assets/product-options/sales-folders/models/v1/png/ui/a4--2-part-2-flaps.png	untracked	4982601d19d37c3ff98ab07f9c741f1ed2bd6c7b144e89372f1682ec4ace8b39	5587	runtime candidate
src/assets/product-options/sales-folders/models/v1/png/ui/a4--2-part-3-flaps-window.png	untracked	fec78d09c68b84cce25a118a95924fca9fa075a4f622c0945f6431376d0f2005	7975	runtime candidate
src/assets/product-options/sales-folders/models/v1/png/ui/a4--2-part-3-flaps.png	untracked	82637811095ddedb95de0980d27d2c8d97ad923d30c68e7dcf598406ed2bded2	6985	runtime candidate
src/assets/product-options/sales-folders/models/v1/png/ui/a4--2-part-standard-window.png	untracked	7c16dd572653011154ab3dc4d4e5128a04ced88c7de2c9ba5684aa673ea1b408	5775	runtime candidate
src/assets/product-options/sales-folders/models/v1/png/ui/a4--2-part-standard.png	untracked	ff477622552330a4862f6e81b4b360dbc70f324ed4ce18d1c07ebb0519ee9fc0	4835	runtime candidate
src/assets/product-options/sales-folders/models/v1/png/ui/a4--3-part-1-flap.png	untracked	e423f69fcc38b136b0d0ea398c31f9c43321c4fef19e5021339507ec02d832f1	6348	runtime candidate
src/assets/product-options/sales-folders/models/v1/png/ui/a5--2-part-2-flaps.png	untracked	9e2d31cbe8bda8a4d8872ae32ce719be25441bbe66c65ef575675014d24cc1b8	5437	runtime candidate
src/assets/product-options/sales-folders/models/v1/png/ui/a5--2-part-3-flaps.png	untracked	65240daed3738dd76f7914ba1c2c4466c20d15488408f6ce0b022d736c014e6c	7200	runtime candidate
src/assets/product-options/sales-folders/models/v1/png/ui/a5--2-part-standard.png	untracked	0afc4658002f5e8339f33f492cea83c9339c62ea9e2cb4df382df4cec9c2b983	4686	runtime candidate
src/assets/product-options/sales-folders/models/v1/png/ui/a5--3-part-1-flap.png	untracked	4edd331fd93b5d23f52b210767b1fa43b90aecf14c97235f2ac151831c16538e	6262	runtime candidate
src/assets/product-options/sales-folders/models/v1/png/ui/a6--2-part-2-flaps.png	untracked	4ab68558461e12fa2f87f5c3a8da1ebb68d7d3dcc8ab7ab95d5f3c150556cceb	5465	runtime candidate
src/assets/product-options/sales-folders/models/v1/png/ui/a6--2-part-3-flaps.png	untracked	908edd5a0ad38b6e71ad47e8f3fb370cd05f5365d615db856500ef10cca7b42a	6990	runtime candidate
src/assets/product-options/sales-folders/models/v1/png/ui/a6--2-part-closure.png	untracked	538a7b1d3700d84706c404bed1da8d14d51a7aedd0178c15355bd1eb21e93ac6	5623	runtime candidate
src/assets/product-options/sales-folders/models/v1/png/ui/a6--3-part-1-flap.png	untracked	54fe678cfed844f516b32ef12e4ab28f2bc18d3ad0c8531e456f4961d105afeb	6105	runtime candidate
src/assets/product-options/sales-folders/models/v1/png/ui/din-lang--2-part-2-flaps.png	untracked	ad44e1e56d23b5ccbcf94e1df4f5506f4dd917222f837e22e40914aebdba4938	6327	runtime candidate
src/assets/product-options/sales-folders/models/v1/png/ui/din-lang--2-part-3-flaps.png	untracked	cc52867144d617682d7f8cedac0dfe9c9a48bc5b2c46ddb0258e56304548a69a	8100	runtime candidate
src/assets/product-options/sales-folders/models/v1/png/ui/din-lang--2-part-closure.png	untracked	81615f36c7e91579c07d0d7b6d6952aa4c7a90db2863a4bcb059d12cabf02617	6309	runtime candidate
src/assets/product-options/sales-folders/models/v1/png/ui/square-21x21--2-part-2-flaps.png	untracked	069b501ae5904ab72914f0fbc0685e66058aa570e5554565e431e8f0f876a85f	5160	runtime candidate
src/assets/product-options/sales-folders/models/v1/png/ui/square-21x21--2-part-3-flaps.png	untracked	57b2fa612a06e9ee191491f466c070696b17dc05c29a6e9ac1db70d20cef59e2	6582	runtime candidate
src/assets/product-options/sales-folders/models/v1/raster-manifest.json.sha256	untracked	c225a440eb0cdd746b51e1c9dc921717cb08be1e0b42e8c873fc2c3a6534487d	87	runtime candidate
src/assets/product-options/sales-folders/models/v1/review-contact-sheet.svg	untracked	84b1c5dc149b5cbc72549c6ea04ce188dcddd0b5031a4733d7b2e5aa695f78d5	25132	runtime candidate
src/assets/product-options/sales-folders/models/v1/square-21x21--2-part-2-flaps.svg	untracked	e29ae41ecefad982c228abdc0e4ddf4943df5cab57eae56edf49d517f837ce53	770	runtime candidate
src/assets/product-options/sales-folders/models/v1/square-21x21--2-part-3-flaps.svg	untracked	653410ba66c4486d6231cd2ab3303acccbc99d81f66ae847c6e71024bbc9006d	931	runtime candidate
src/assets/product-options/sales-folders/models/v2-3d/README.md	untracked	dec8d0dfff9ddfdd657b6da1c3406ab3e58d0be888ace92a9c31beec66765b6c	1180	runtime candidate
src/assets/product-options/sales-folders/models/v2-3d/a4--2-part-2-flaps-window.png	untracked	02a3bb0679c608253870896cef5395f59a3f81218063e53e59398c3bfdb6defb	1250087	runtime candidate
src/assets/product-options/sales-folders/models/v2-3d/a4--2-part-2-flaps.png	untracked	d61f272391f9557adf09c81e458d5acdf14b0175aa67f67363e6dc9b1b8ccb23	959084	runtime candidate
src/assets/product-options/sales-folders/models/v2-3d/a4--2-part-3-flaps-window.png	untracked	c72bb897d6eedb9cbc023c79647a642b0b98766640a8c1271fb841be01849bca	1256989	runtime candidate
src/assets/product-options/sales-folders/models/v2-3d/a4--2-part-3-flaps.png	untracked	ef9cb280f1082c732f6c731cf1594400b05d1fde7597e4fca0c0571274362d9e	1279174	runtime candidate
src/assets/product-options/sales-folders/models/v2-3d/a4--2-part-standard-window.png	untracked	44f0ff8db4dcec53014b7da6aa175d961f50bff8bbb43286bd788a8e9ec9138d	1283802	runtime candidate
src/assets/product-options/sales-folders/models/v2-3d/a4--2-part-standard.png	untracked	6ea1d3c6bc33be7d7d459a71558acee46c637fd388b4ad3c79949e6d83ad6837	1273942	runtime candidate
src/assets/product-options/sales-folders/models/v2-3d/a4--3-part-1-flap.png	untracked	89caf6e7d4107fae21b993ac05d7dad948a2108adbf10d1a2d83cd6d194be313	1265355	runtime candidate
src/assets/product-options/sales-folders/models/v2-3d/a5--2-part-2-flaps.png	untracked	28af25008f91a541cffb75a0faabdad08e9a5429d4798106cde6ceacdc9326e1	1257297	runtime candidate
src/assets/product-options/sales-folders/models/v2-3d/a5--2-part-3-flaps.png	untracked	d347b530ae52c4cf9874c832a090e04b7e718f48ee91947b94b8922439c87d98	1294045	runtime candidate
src/assets/product-options/sales-folders/models/v2-3d/a5--2-part-standard.png	untracked	d15845399c871139953d10e9fe5445ee3190ad95df4cc43fce4155841031069a	1270366	runtime candidate
src/assets/product-options/sales-folders/models/v2-3d/a5--3-part-1-flap.png	untracked	69676a69284065074253de398aaf53de88a6a666c1c6f4a8b67b2bcbe83d2e93	1241050	runtime candidate
src/assets/product-options/sales-folders/models/v2-3d/a6--2-part-2-flaps.png	untracked	3dad5714f34c148fd4e775db893a9419e3d118e16cada9412ea48c1cbb3e198f	1243510	runtime candidate
src/assets/product-options/sales-folders/models/v2-3d/a6--2-part-3-flaps.png	untracked	c545412d0c0e4c92795f087f04181531af631081a838ff9aa243a1159d1be338	1298900	runtime candidate
src/assets/product-options/sales-folders/models/v2-3d/a6--2-part-closure.png	untracked	7041744004bae9ab6a35258de9ca546419d03674ba78ced8809a681038910227	1030616	runtime candidate
src/assets/product-options/sales-folders/models/v2-3d/a6--3-part-1-flap.png	untracked	f93fa6c9e6ff314fe2d3fa915ddce93dbfe676a640c33e259aae5a514a58751d	1228471	runtime candidate
src/assets/product-options/sales-folders/models/v2-3d/din-lang--2-part-2-flaps.png	untracked	7f89f2ee628dc6f6e6c958de9cb1631855230a6c8530a3e3b4d020ad0e29a34b	1183553	runtime candidate
src/assets/product-options/sales-folders/models/v2-3d/din-lang--2-part-3-flaps.png	untracked	70a8adc42defccdb14547ee867c53b1e0595cf3621047c12e390de5dc04765c9	979911	runtime candidate
src/assets/product-options/sales-folders/models/v2-3d/din-lang--2-part-closure.png	untracked	f49e247d10ba7f3c293f087fc26fe671c7c1618f50d6c3e23cd86bc207f46f68	1138490	runtime candidate
src/assets/product-options/sales-folders/models/v2-3d/square-21x21--2-part-2-flaps.png	untracked	1e6903cda22a07f366d59477b23380da456dcffa56604ba8a28da6c8cb6b9a28	934075	runtime candidate
src/assets/product-options/sales-folders/models/v2-3d/square-21x21--2-part-3-flaps.png	untracked	e1328d958521da46797e9ec88fc9888d8c1208b78c97e48a71ca24c87a59423e	945507	runtime candidate
src/assets/product-options/sales-folders/webprinter-sales-folder-hero-v1.png	untracked	44432bcd17bf4e460a8744a37380494836fad0f8a896b7402fac2f506a2ac37d	1494345	runtime candidate
src/components/FeaturedProductConfigurator.tsx	changed	973f0db378cc653534c57b8e16539dfd0530841e893a04b63880bf19d0db0c4f	90973	runtime candidate
src/components/Header.tsx	changed	40c6f52277624dbeaa01471e2e724ee32fb8abcd4294cbd850dacf4a881661f4	127017	runtime candidate
src/components/account/AccountShell.tsx	untracked	e9badf05557d2954199c56866120e3b8a0b5cef736b56f7bf92857c907a5b3bd	10496	runtime candidate
src/components/account/CustomerAccountContext.tsx	untracked	7679cbcd4e629e7d46d157733d7061e03e2d4a8b6119222a831d77029162c054	5452	runtime candidate
src/components/account/CustomerDesignsView.tsx	untracked	a1c25c11acb0e93a62d7ffe6c3868b58084d1dc26c6c489bc357526c325d81e3	3862	runtime candidate
src/components/account/CustomerOrdersView.tsx	untracked	16c4a60e0a129c44d0f93dfa52c49bf08b1f9f1df059f40b9788692285553d38	16720	runtime candidate
src/components/account/CustomerOverviewView.tsx	untracked	00b6e2a82e654d0973222e27fa1c653f93064b8e7b959313e55f5162df9ec22b	9264	runtime candidate
src/components/admin/AdminHeader.tsx	changed	a459ab85ae66e30a139355799ba5101e7a641be6b13919d70a3364a6ef566710	15766	runtime candidate
src/components/admin/AdminMessages.tsx	changed	a1c699fdaac46c3a68ec85ebbd823379c9127ca6a483b1ebaaef6892058e02ef	48702	runtime candidate
src/components/admin/AdminUpdates.tsx	changed	a13cb260cb0da4c0b9b207e3cb219a892d280329a68f981b03d99617afcea450	8726	runtime candidate
src/components/admin/AdminWorkspaceNavigation.tsx	untracked	83c77d5acb8d5bc5c5b958e12c76f94639292931f52353ad6088a5c0bf140681	2708	runtime candidate
src/components/admin/AiSeoManager.tsx	changed	d7de34d96c01b48e855febc0900bbb537e0fd19f651b6ae7fee1c48456180af5	30326	runtime candidate
src/components/admin/AssetsLibrary.tsx	changed	f57d20c879fed52da9df9e6116c1195ec15b83676af7a5eb2bdecdd0a5305ca0	20588	runtime candidate
src/components/admin/BrandingEditorV2.tsx	changed	28776d612b20d5fbb47c96e98a5d67d19a27c88a449a8cdf22a6f596d1975f1b	401380	runtime candidate
src/components/admin/ColorProfilesManager.tsx	changed	a0d007bd362655ad31fd965464b768956292e2f0c80880227e220a4510741114	22287	runtime candidate
src/components/admin/CustomFieldsManager.tsx	changed	c2caaf3df58bb8615724e5da2640ec96aeca32e5079eaf0cd0b0d5cdb05861af	11460	runtime candidate
src/components/admin/Dashboard.tsx	changed	8886bd9b40dbcdef783049179dd176069220d821f4f7eb31e8a36895ad06bcfb	19649	runtime candidate
src/components/admin/DesignResources.tsx	changed	3c130b1e6be312ce439f6264c09c6e1959b15898ad901f101249ea847ea0e888	87390	runtime candidate
src/components/admin/DesignerTemplateManager.tsx	changed	9dcba0087dbd977ef608bc2a74fa34c23c4d8d003df43f8d2e791aa512d0df2d	38810	runtime candidate
src/components/admin/DomainSettings.tsx	changed	76deed3a66160185ba875ffec321a21b358a4a6d125749a712a19d9a785db4d5	19976	runtime candidate
src/components/admin/MachineCostWorkbench.tsx	changed	61146757a21fbb1f39b189030dc71edc025cdddb8bc9c0101b9d8429f8c4b05a	30572	runtime candidate - prior pricing review required
src/components/admin/MachineJobPoolWorkbench.tsx	untracked	71bf41bedaec750d500c1c7e00588c2e834e06c13ed318bd8d384c42ef533b60	26298	runtime candidate
src/components/admin/MachinePricingManager.tsx	changed	4069a65a535c05240842386dc84b8a4fff416a0e70c5e6769a01743ef3c4ff5d	43525	runtime candidate - prior pricing review required
src/components/admin/MasterBrandingTemplate.tsx	changed	ba421d4669e3d13ba8150c843531c18ce74d8749d92bb613f0ceee5b986c1c11	1432	runtime candidate
src/components/admin/MasterResources.tsx	changed	56c6940202154ae468dd06896aa35bd92efce569d15a649c54e59f71618db34f	38357	runtime candidate
src/components/admin/OptionGroupManager.tsx	changed	ffc42a61679402c19942414416ee54c6c799740ecc9555487808f69de6559e07	31216	runtime candidate
src/components/admin/OrderFlowDesignInspector.tsx	untracked	1b1988dae48cb5113db87081335620e6c0f6b7ba607556170bb30ecc3bf2707c	1319	runtime candidate
src/components/admin/OrderFlowDesignPicker.tsx	untracked	7a51b0f5c8af1fb97b60bdeef2407220c9a894fc4a03f2831313d79e0bf3498e	1876	runtime candidate
src/components/admin/OrderManager.tsx	changed	4a1f8bbf98da24db3d114c13951e6a4508c1259c290c62facf8d2e1e6f44fcaf	63513	runtime candidate
src/components/admin/PricingModules.tsx	changed	cfd58aedbb8985e542ee8d62d8abcb92d8281c0601284e7040ca6e3134dd3950	7294	runtime candidate - prior pricing review required
src/components/admin/PrintDesignPicker.tsx	untracked	ce99f818986ccac1f236f88984183adbb2adb62be52bede226e65af83b0b53e8	1817	runtime candidate
src/components/admin/ProductAboutSection.tsx	changed	4a055cc079d8b7bfc7279f675720e463ce9159349e42cdebc888c9846c6ad907	58075	runtime candidate
src/components/admin/ProductAttributeBuilder.tsx	changed	4f2830606f2e89d675cb76b23ac05f4a561cd1ad4c57d03927e993f3ba59fcad	590769	runtime candidate - prior pricing review required
src/components/admin/ProductCreator.tsx	changed	fb310110dfec8334bdbaba5f5fee8c6c3cded93a06fd2403d386d04acc61261e	20534	runtime candidate
src/components/admin/ProductOptionButtonEditor.tsx	changed	338c3aee3acc3f88ba29149125c2307c9e0be3a5f62abc7e763acbd92d9b1d3e	36704	runtime candidate
src/components/admin/ProductOptionSectionBoxEditor.tsx	changed	d84314b99b5637741b8340d261400b44f4ee6cdc9c5703e70ab5c86e6f8b39b0	17587	runtime candidate
src/components/admin/ProductOverview.tsx	changed	efd2c18f09ccd6e2e602383421f37cc4c22e4b4152cd02d30f26f171b4a1cfbf	109537	runtime candidate
src/components/admin/ProductPriceManager.tsx	changed	32c40fd45ed3ecb2ce0448e60939cf92acb46be3fe1c43be7ddbb27a26a756f4	200488	runtime candidate - prior pricing review required
src/components/admin/ProductSeoTab.tsx	changed	85a8a8383ba0d5051b3c228d76d841c333307e445a3d88f30687205500bae108	10527	runtime candidate
src/components/admin/ProduktvalgknapperSection.tsx	changed	2bd3625ae346160e280578fe9d18bc29adeb77b2f54ef77a9b299313034e5f61	134721	runtime candidate
src/components/admin/SeoManager.tsx	changed	d47c624d88cda90f3340c0e1145ff5255743af29730dd4b45c48d36c96360b2b	26631	runtime candidate
src/components/admin/ShopModules.tsx	changed	1e6f69b580e67b7a624d7719eef3006e908b97ab4b556b514fe910ae9eddcce7	20266	runtime candidate
src/components/admin/ShopSettings.tsx	changed	67a93ace24b37b95523c37d2857a8313564304f9f48067a23c44fb8d7ebb9597	17107	runtime candidate
src/components/admin/SiteDesignEditorV2.tsx	changed	0df521df453eb7021667aad10d0fabd58b1b118c8f1fc006d7596ce2d149c3c4	663748	runtime candidate
src/components/admin/SiteDesignHeroCopy.tsx	untracked	e635bdfbfe53cfa66e2730b0bac9d10adc2c7bd815ced5c4da6a57adb56d0f3d	804	runtime candidate
src/components/admin/SiteDesignPreviewFrame.tsx	changed	d4dac67ef949ffa00406e54eb7c0b30937e286c6175554601f6bec710203bc1d	36070	runtime candidate
src/components/admin/SiteDesignWorkspace.tsx	untracked	f53b53c93cbd6543958192955c86e6e5467f1f0c6e8e3b332875752c4ec42df6	4974	runtime candidate
src/components/admin/StorformatManager.tsx	changed	3ee9b4c4940a71d2d36fc9f3cbf6bdfac31670aeccfd9233cf0ee695e41e61b5	262007	runtime candidate - prior pricing review required
src/components/admin/SubscriptionSettings.tsx	changed	6301b42440bac9b3f242eecb7ec7071b43d8fafd019af3be74e8ae41249da83a	15963	runtime candidate
src/components/admin/TemplateConnectDialog.tsx	changed	5ac007c6a0170c2e452dac69d5cce4a569b5a2e754f85d58654f9ebca558b5c7	7123	runtime candidate
src/components/admin/TemplatesManager.tsx	changed	11d2019fb891bec788a613d542a5c3cb0d07920c1fb5f5c2d4fdb6c1cacb7946	21695	runtime candidate
src/components/admin/TenantBrandingSettingsV2.tsx	changed	1a72af94687fb0f4eb3ade7e27d28d3ae6aa4e65603a217456b8bba7632d4574	2718	runtime candidate
src/components/admin/TenantOverview.tsx	changed	c6450c8ffa05530e90d87045ed95c656490a97ac03bd11eeb47ffb35fa2a6274	12717	runtime candidate
src/components/admin/TenantPaymentSettings.tsx	changed	7e7f4726a34f19719c84147087ed5077f0eccbe1af08a642deae148c571b70b3	13390	runtime candidate
src/components/admin/TenantSiteDesignV2.tsx	changed	eedcf36f138fa6c627784db0766ef6beead9f8f9a6b3eb6e32b0f1482e4abeb6	2648	runtime candidate
src/components/admin/TenantUpdates.tsx	changed	fc363063930b999509fc54e8a73dbe0d218c5bbe36ca24f5c0a7ea4a00212b8c	9993	runtime candidate
src/components/admin/ThemeSelector.tsx	changed	6a213f428395b347e89eafc7f1547cbab0d67583adce55a22465c4665f4d5355	14327	runtime candidate
src/components/admin/UnifiedBrandingEditor.tsx	changed	c9894df05c1a073c5a61690b0df7f0589c657a65a4c62770a9e77d8a93bf3e6d	27809	runtime candidate
src/components/admin/VisualTooltipDesigner.tsx	changed	6a9f9593ab4995c34197eced03bef6c951c414eb0ce059df7d98cff03c1baf9a	7036	runtime candidate
src/components/admin/WorkspaceCollection.tsx	untracked	1791c4a5e3db4500ab854e5bb5b47c4e1848e01c1fc829fa1d07fc26efa5f90a	2414	runtime candidate
src/components/admin/WorkspaceJobSummary.tsx	untracked	714cd0b69dd92c7991504278fe9ccd8f444e9fb5a6c966132b8c0e9ce69a1696	1950	runtime candidate
src/components/admin/platform-seo/PlatformSeoAdmin.tsx	changed	c6b792cf40133623cd87421f0243c2b981f3d4333902c6a8e469bcac3d85535b	8181	runtime candidate
src/components/admin/pricing-hub/PublishDialog.tsx	changed	937a8e3f5a765d9c8b33600a0f9a90f9c07ad71b6fcb3bb50286f1cdb1c11705	29814	runtime candidate
src/components/admin/print-production/PrintProductWizard.tsx	changed	b659ffbba42bc70ea0a33448c118e0d80e649c4607a4f014afea2ed4030e370d	20714	runtime candidate - prior POD review required
src/components/admin/print-production/PrintProductionOrders.tsx	changed	6e35dcf8527b6102e2856e7ee06ed698f05b28fcafb1fddd1c96d617f7556f75	37678	runtime candidate - prior POD review required
src/components/admin/print-production/PrintProductionOverview.tsx	changed	4e5894d2a9bc8fbaba244fb4c14009fbe5e2735d553e7d970c70fc4f12039043	19868	runtime candidate - prior POD review required
src/components/admin/print-production/PrintProductionProducts.tsx	changed	c3c6d93863c38fa1d12ca5fc52361842ce22d1c2116a6394d88e29d9f9997b2e	21212	runtime candidate - prior POD review required
src/components/admin/print-production/PrintProductionShell.tsx	changed	5110d8486a74fce15409f9055b14f4e4e017e7a5d52b1e7e968ca8a32a76f561	9611	runtime candidate - prior POD review required
src/components/admin/productAboutTemplatePersistence.test.ts	untracked	def4c5d41f7162c900ee1f3ee09bd768b4056f34ac1bfbe6eff4104f3c9318c1	5901	runtime candidate
src/components/admin/productAboutTemplatePersistence.ts	untracked	7c12a7a1c44f15e564201d69e82ebe6cc698bf49f2db1b289178344a9e7d9b57	5306	runtime candidate
src/components/admin/workspace/dashboardContext.test.ts	untracked	17cb9f5b2bf36ec04a3692088080e99fb78df8cef2e3e46cdada35d6fb227296	5896	runtime candidate
src/components/admin/workspace/dashboardContext.ts	untracked	acb4ec3cc3e06833f022043ab104dcedf783fd885f823fc3ff7227c535d945a0	1726	runtime candidate
src/components/admin/workspace/orderPresentation.tsx	untracked	3107402743574165a42cd27b7fe05850f1913aad4439399e9651aa0c6ca43516	1576	runtime candidate
src/components/admin/workspace/orderWorkspace.css	untracked	c4e32b9b8a7376ab283abc68733684aa1caf910a9d9af3639a136a232fc5adcb	24555	runtime candidate
src/components/admin/workspace/supportReadReceipts.test.ts	untracked	9a245e88678c0a9b3ff811e24f02fc4bd3a7de64af10f99a132c902354d0155b	4411	runtime candidate
src/components/admin/workspace/supportReadReceipts.ts	untracked	0a7906c9830d720fed60c5160fec018351b06c6887af7e4e35326790733b6575	1285	runtime candidate
src/components/admin/workspace/supportWorkspace.test.ts	untracked	0c3e852ead324ea47b074272e9bb38718a20f82647be3743b424181c0d9a274d	9685	runtime candidate
src/components/admin/workspace/supportWorkspace.ts	untracked	436cb8aefc108d28e0b0d893377de5557e5758cb36d537728542f4a55ae4504d	4539	runtime candidate
src/components/checkout/OrderDesignPreviewSwitch.tsx	untracked	7f44c75dbc2f74d8affdf42692ead872df1e9a2373bccd2c1052eca29684dd3d	998	runtime candidate
src/components/checkout/OrderFlowLayouts.tsx	untracked	3c87f10e209f86bce44cd16a4fe032b88bc3ed3ff028c4fb714b5dbf726da758	8419	runtime candidate
src/components/companyhub/AdminCompanyHubManager.tsx	changed	e646af3b060881c850ca589f3fc7c6385da61b04cdfb2c491dc41ff8fcce5a72	30489	runtime candidate
src/components/companyhub/v2/AdminCompanyWorkspace.tsx	changed	56e6827a8033000ede584b5c4ead35ee8103209ba5d31c3e6955a79ff48a8baa	30418	runtime candidate
src/components/content/ProductPriceContent.tsx	changed	c80c33cf4c9ae31028013a0fcf60317523fcb0edac3e50df1a2234e1a23dc4b8	68852	runtime candidate - prior pricing review required
src/components/designer/EditorCanvas.tsx	changed	457704040c9e9ca466934b9708794af7f44c147fd54192afe7b72e51e5908735	77627	runtime candidate
src/components/designer/EditorCanvasGuidePresentation.test.ts	untracked	19097bfab91eef3e70dc090dd282e1bd24dc526547664897cfb2bddc79c49345	1844	runtime candidate
src/components/platform/PlatformHeader.tsx	changed	1ea29a64706c596d4d3b0a89f5a3d73ebe838812580ce58cb28b7d865af5d548	21086	runtime candidate
src/components/platform/landing/LandingHeader.tsx	untracked	6f50a469b4cd24893522211ed6ef456c6a89eba408adcb6d5eaa14766294eb78	3094	runtime candidate
src/components/platform/landing/LandingWalkthrough.tsx	untracked	990f612fb4183a3568958b5debb77a0839b467ccbbfabb32ab2b79450278bb98	4145	runtime candidate
src/components/platform/landing/landing.css	untracked	57c0db68faa265d7e93bf7d0d6b22507066604adfdca14f53e71e5c0849b5056	10324	runtime candidate
src/components/platform/landing/landingLinks.ts	untracked	49ab0703b7a96a46959161c72f0a8fa67d4c3d5d00540f921e442431d09c97a7	241	runtime candidate
src/components/product-price-page/MatrixLayoutV1Renderer.tsx	changed	b2abbd530a8075950155f529ec70e33146273ceb515fa97c0e48cbc77d340252	179353	runtime candidate - prior pricing review required
src/components/product-price-page/PriceMatrix.tsx	changed	9130f1505986d5b7ff7d96016dfa250c86bab500534524d0ce1aee09ded6e4b4	11671	runtime candidate - prior pricing review required
src/components/product-price-page/ProductFormatGuide.tsx	untracked	4e9499d2c2139d137f5344ef55ef326ea7e485bb9507e2f911d3f18553cb2c52	37321	runtime candidate
src/components/product-price-page/ProductPricePanel.tsx	changed	7ddc94b4cb5bd815bd15eea0d8f9e5274f77706d021f3e10f57ad6119f7f1e7f	99649	runtime candidate
src/components/product-price-page/StaticProductInfo.tsx	changed	4e11a72aa47892b3504cad95d18dfa84642c90b88d3b18c2a3d8055b71150d05	28352	runtime candidate
src/components/product-price-page/StorformatConfigurator.tsx	changed	564a69fce557e190e1c8e028324d54ed86898b266765d678cf986b4738649021	67592	runtime candidate - prior pricing review required
src/components/storefront/StorefrontHomeContent.tsx	changed	1285749b13ac165b16c7b43776f9435b81dfe7d7b3d1b39d84f6eee90ed8dd86	18791	runtime candidate
src/components/storefront/StorefrontThemeFrame.tsx	changed	1f35d6eac48dd217f3a3cd8eb40ef4e903fc530698e7bb9a61d0eec87395e178	7215	runtime candidate
src/components/system/AppRuntimeGuard.tsx	changed	348add9230dd73332dafb0a1d13f285e5fe537336013f21dcd957fac22268c5f	6831	runtime candidate
src/contexts/PreviewBrandingContext.tsx	changed	d232ac4cbd83518dc24711c61d7ee5e76a56e4eaabde2b9f16d66059f8df57fb	15765	runtime candidate
src/dev/CustomerAccountPreview.tsx	untracked	00c7f5e8c125b6e5cb54bf080bb8582202cdf6515a6a752f6cf54cea088435ce	8744	runtime candidate
src/dev/LayoutHarmonyPreview.tsx	untracked	76a9eee25b03357a666eb38ee40278777be96c82ed0fed35fac376d856c89831	10927	runtime candidate
src/dev/OrderFlowDesignPreview.tsx	untracked	a4be715044e95794a74e6b23d2307d894267e4dc3a83d5054bc04990432033f2	7053	runtime candidate
src/dev/SiteDesignWorkspacePreview.tsx	untracked	658710904eb5384c2d8a64be27a6e0b7de4bd2d53c9a07452aaef8e3a8511059	5945	runtime candidate
src/hooks/useBrandingDraft.ts	changed	0eb8e862c7bc6d9b00f6ba856ea556343a90738ebe883cd7c4f389cf75f94731	85401	runtime candidate
src/hooks/useColorProofing.ts	changed	9718e8eb0c41fb888bf3244629a9b1bce669948de7793a7aa5cb59d3c97602c6	22375	runtime candidate
src/hooks/useHeaderFit.ts	untracked	934088d2ac1c571192a2cec087c2c22ee60c89ff0f76e6a844f3cb5a6888b0f1	3079	runtime candidate
src/hooks/useOrderFlowDesign.ts	untracked	b95a04fad2e76a5017d7cfbc20ccfef84144d29748591cb864274f69e672c627	750	runtime candidate
src/hooks/useShopSettings.ts	changed	6b529d0197b4f5997ba780d086e077b0af162e548e669c32a1b5c1f140171db6	25931	runtime candidate
src/hooks/useStorefrontCatalog.ts	changed	bf136a4e2662e251f3570148876bd5b982586439ac38e473719facaa831176c8	15760	runtime candidate
src/index.css	changed	71f0657c23e9d445b066a1e2cebac65202b72a61fd63f1a728433d920ffe3fda	6925	runtime candidate
src/integrations/supabase/types.ts	changed	c2b5bdb4ae7b411984be5dce764592466903c63cd603b753d05c040757ab9477	27545	runtime candidate
src/lib/account/navigation.test.ts	untracked	683b3bca764a749a33abcaa880b3d82bfeb1aa577479e87d1e41f665c3763cda	1568	runtime candidate
src/lib/account/navigation.ts	untracked	b9c5826b178f3d8b0a43232a2309725cf4e394bb83b766283c0f070ed538c7b9	1844	runtime candidate
src/lib/account/orders.test.ts	untracked	1d43975404bae18b053ed96782440f1631bf5f6457ac64b9f2d6f94ff2f2a724	6025	runtime candidate
src/lib/account/orders.ts	untracked	f15715f83bc9747ebecdbbd94e909554b877785050e734c8eea0b5c1d8c1d884	7248	runtime candidate
src/lib/account/profile.test.ts	untracked	6d7005a576f2513fe321eee1ec8e893ce5431bc46de4a85adac8ca0b75392330	1535	runtime candidate
src/lib/account/profile.ts	untracked	c3112473f61e930160833186c7b3eb2048a430af6e52f6113f0bbaa7fa56c42f	1283	runtime candidate
src/lib/account/replacementFile.test.ts	untracked	cbb4f92524f3c7486690db51c3c25a5656b13a07baba345f3f6ea93366964aef	3478	runtime candidate
src/lib/account/replacementFile.ts	untracked	b31080569d086a64df3e1868c0b0d25ed1a0f4bddf01a9cbd595e2c27b4dfc72	3144	runtime candidate
src/lib/account/shop.test.ts	untracked	c854e38319223fbee34626206af6a265f74d612dd8c043e3c25e9faac129a3e4	5112	runtime candidate
src/lib/account/shop.ts	untracked	3a1120e5f0fc6b1feae61ee06b532e501e73a2002f703744cbd881f1b5e496ac	4694	runtime candidate
src/lib/admin/workspaceExit.ts	untracked	f8316c2e79d7e70412b44330604f9c449f0af845c8d2c257788ae367c3dec9a3	309	runtime candidate
src/lib/admin/workspaceNavigation.test.ts	untracked	188f6dffdae5eaa79c2ca7b008eefc423d6ac0e8bbd2e1c1c4895409921c76e2	2305	runtime candidate
src/lib/admin/workspaceNavigation.ts	untracked	216539bb491f20bcee858e6487031f15bdcd8554163544034794305735a27a4e	5405	runtime candidate
src/lib/branding/orderFlowDesigns.test.ts	untracked	4b2e9067a0220d072c2262d273b2e82477934b844a84df8fa839d128abb6a5a8	1955	runtime candidate
src/lib/branding/orderFlowDesigns.ts	untracked	fe57c43584746e809ab58859ae1f28a7d8b85867ea084091188d0104ed851100	2241	runtime candidate
src/lib/branding/printDesignPresets.test.ts	untracked	2d2d24add5553549448baad97334f00a7c625a21d45478333ea069350cf6f3ee	11586	runtime candidate
src/lib/branding/printDesignPresets.ts	untracked	4dc1804fdc95521fef181eaa9bc4a0d928bd083a97fa2f6374f2802ae37bcdc0	9042	runtime candidate
src/lib/branding/types.ts	changed	1e8d2145406c307ad0d90799c3860f23eca2695fe2ff982a9d41a57fcc708838	16505	runtime candidate
src/lib/checkout/siteCheckoutSession.test.ts	untracked	9fc10c9b3ca6a717ecf814ff2f0dd5a90a08cd6c584caee9f0b614180af3e60e	992	runtime candidate
src/lib/checkout/siteCheckoutSession.ts	changed	c6d359f70364b23ea579f82381ce5685bdc46c8e6ed62745975c5fced83bd62b	10671	runtime candidate
src/lib/designer/export/exportActions.ts	changed	e7115cab28edfb53b7fa9f370c6ed9212c317272a00600463da85612b281d9f5	11740	runtime candidate
src/lib/designer/export/exportRasterScale.test.ts	untracked	ae733c926fa08afd93f18c5d363f66b834cafc4ebb41f7e17bd32fc3a5f76b6c	1333	runtime candidate
src/lib/designer/export/exportRasterScale.ts	untracked	10c6dbcfdb769eee52316152d2d14bc5ac1d45a53bd4ac6e4380afef96d779cd	648	runtime candidate
src/lib/designer/export/hideExportGuides.test.ts	untracked	c14f37e320465da6ecaf4bab7307502f155161c418303b2493eda4a388a4630e	2832	runtime candidate
src/lib/designer/export/hideExportGuides.ts	changed	56d9a5e3d91a83c4430bcc75b4b0cd31f2318c0c73c96449def7953c63c6fba9	3667	runtime candidate
src/lib/designer/export/setPdfPageBoxes.test.ts	untracked	358cc30342a2cdd6273c521b8f334155232b290dbaf26c70b9bf515e19c6cf70	1531	runtime candidate
src/lib/designer/export/setPdfPageBoxes.ts	untracked	23f85aa7daedeebd54332702a3ecf13d41548477a4d60623709093dcc08aa173	1080	runtime candidate
src/lib/designer/orderFlowNavigation.test.ts	untracked	343e3196816ed3e555d1c57477979509cfa92debc240bf113b03ee2ff874ce28	2077	runtime candidate
src/lib/designer/orderFlowNavigation.ts	untracked	f2e5fffb8285d1ec9b7cc8b49dfab7ad5cb1fd91440a631b77163a7fab6debef	2713	runtime candidate
src/lib/designer/productTemplateLinks.test.ts	untracked	44fbff4d1caecbf0b3e8dbf3da5f3220d2822e91d88dd88cb43e052c4187721b	19323	runtime candidate
src/lib/designer/productTemplateLinks.ts	changed	d1d76986ad795192ace3fa66393e8b67397edf7b3994b01d4dfd92709520c5f1	19435	runtime candidate
src/lib/designer/templateOverlaySerialization.test.ts	untracked	57ac93e735fb2e8b819a64c2ef077542fcc788abff5848e1e2212e66b4807dcc	739	runtime candidate
src/lib/designer/templateOverlaySerialization.ts	untracked	646bf1722453e6c8fc6b5ae974b632a215de21134a6780e264893f0f01281845	605	runtime candidate
src/lib/erpnext/machineReconciliation.test.ts	untracked	c07a0bdb835401f80188e9ac9311e30217a0a8f47b0afcba8030b076ea59e112	3571	runtime candidate
src/lib/erpnext/machineReconciliation.ts	untracked	8f7b85e44bdb04eddd67d96b3014b3cc33b7b4b28e8b741845037c244856dbba	2388	runtime candidate
src/lib/erpnext/shadowContract.test.ts	untracked	6e06a865374ea72469d315c231cfc2e0377ca216b57f3bd08ad368842eb51d73	3509	runtime candidate
src/lib/erpnext/shadowContract.ts	untracked	e6a9996d8a3b05cd93ef0afefd498aa1cb967e2fe153f721fa0b01c14a7a1287	4827	runtime candidate
src/lib/erpnext/shadowPolicy.ts	untracked	0f5b437eb46d364e44a66be1b4335ae1b570a87057565e967512a3c2a9a382c2	2113	runtime candidate
src/lib/layout/headerFit.test.ts	untracked	6c72affbade0e6b27ece0bada2c07e7f8dcc1cd5a0e21203647c550ed3b8ecee	1347	runtime candidate
src/lib/layout/headerFit.ts	untracked	4ec4f951331c4d1444cf880cbbddac41dd7d02a81995c9916182cf9c533af3b2	1095	runtime candidate
src/lib/pod2/types.ts	changed	765ebf80094a96dbe4203920b46ab213a81d71b4067437477640abf25ad089ad	6021	runtime candidate - prior POD review required
src/lib/preview/productPricingPreview.test.ts	untracked	844f23ed73efe2ee93935c9193f22f8f39e954b89b45ee1323f97fa09a275310	2713	runtime candidate
src/lib/preview/productPricingPreview.ts	untracked	066b9919f63bf6bc80f6abfa4d3cf3a4de7ee59021fabe87676c6dbf9643964b	3075	runtime candidate
src/lib/preview/productStylingIntegration.test.js	untracked	48f8eb39ce9fb65583c539b3665baf5837803fc8d351b2f9abbf7926c70c2c97	17552	runtime candidate
src/lib/preview/productStylingSave.test.ts	untracked	d83b5cdecdd0f2f301d5cf3ff3f5f739249cb0ef777f83d33d89bc5b171b2d99	9389	runtime candidate
src/lib/preview/productStylingSave.ts	untracked	65e3d2ac495233fc142ee2523b896ae28d40d349a441e99b4e18770a8ed76227	7288	runtime candidate
src/lib/preview/siteDesignPreviewNavigation.test.ts	changed	a631e9280d1a48de929dac92cbf9c5b29f1653daf931754b52e0d4ae64d9cae0	1333	runtime candidate
src/lib/preview/siteDesignPreviewNavigation.ts	changed	370ba8d4676db713b8d612cdde55bb210367a6a8d30554c70d775e41aa685673	1342	runtime candidate
src/lib/pricing/builtInCalendarOptionImages.ts	untracked	4fc2a34e9871ec67e239b1017f349d6018784109ff801ae1ab90a1bae87eb5b1	2916	runtime candidate - prior pricing review required
src/lib/pricing/builtInOptionBrandBadges.ts	untracked	681cfa666ff634a411813479771c3ae3cd61abb735f1a553cb6fdf0fed386df1	2477	runtime candidate - prior pricing review required
src/lib/pricing/builtInOptionImages.ts	untracked	14322e31f0e821897f30e9410b21a121ec9c3d74d7ad35755e2cccb9eb534a63	732	runtime candidate - prior pricing review required
src/lib/pricing/exactCombinationResolver.test.ts	untracked	04490f682cfea989a10de9ff2e3e6ffca8d8b8591ce7e9e7b9121f0bc5490465	3438	runtime candidate - prior pricing review required
src/lib/pricing/exactCombinationResolver.ts	untracked	33c78648d2b0d1e1f99d1acd86ef781a4b7f8b697c14016ae0b6c5ae49a3f48a	2677	runtime candidate - prior pricing review required
src/lib/pricing/focusedAdaptiveSelector.test.ts	untracked	e41c07b21b42767f31ba1ec3144a3097a1fa6683c002ab3aeb9d93b775656990	2012	runtime candidate - prior pricing review required
src/lib/pricing/focusedAdaptiveSelector.ts	untracked	16744f1881b7a689607b35e2f21c9549847b8aaac396d2ac395721cf7d4f774d	964	runtime candidate - prior pricing review required
src/lib/pricing/jobPoolOptimizer.test.ts	untracked	750e485d2d4eb72ebc917ebea6f379dbf85ca371322a2abb480ac7ddbd3e60ba	3771	runtime candidate - prior pricing review required
src/lib/pricing/jobPoolOptimizer.ts	untracked	36723e3ee34b21633486c2f19d0c3b9c2244c5724c0e20282fd24dcad8063c48	21299	runtime candidate - prior pricing review required
src/lib/pricing/matrixAdminPriceSafeguards.test.ts	untracked	851fef5da6091bfad046a89f35fb6b02dd05f7a5991602c9fb72fc22b6fcb506	9130	runtime candidate - prior pricing review required
src/lib/pricing/matrixAdminPriceSafeguards.ts	untracked	a9505875ec23ca0d604f2fa5d02b454ecc46b66e8acde3cf72bc96843b93e7ab	7658	runtime candidate - prior pricing review required
src/lib/pricing/matrixLoadingPresentation.test.ts	untracked	d8dcd77f1a94b1bb0aaa21166545419d1dece1098995449be1e0e9cc6c24184e	1305	runtime candidate - prior pricing review required
src/lib/pricing/matrixLoadingPresentation.ts	untracked	fd22bfdb58b271f5b66ec5bdcadc648557d131a7b5e6ea617aac0bcca325a1e5	692	runtime candidate - prior pricing review required
src/lib/pricing/priceRecalculationMode.test.ts	untracked	dc071ef1aed831c7bb387ac2d2954a06add541b7a8e4c8fd94aa93650dae9ce9	1091	runtime candidate - prior pricing review required
src/lib/pricing/priceRecalculationMode.ts	untracked	62833994195a9520f12726b3289058d5a9f979776764c106982e950107db079e	375	runtime candidate - prior pricing review required
src/lib/pricing/productOptionSettings.test.ts	untracked	d18f9ad1adaa0a495040399e68e4e4d3457eb070ffcb82f71c3b06b397916c05	3774	runtime candidate - prior pricing review required
src/lib/pricing/productOptionSettings.ts	untracked	7a996c5aacec6c4bdf298a11f3b381d53f5d25e9786fa421a19df2f710c1f265	1986	runtime candidate - prior pricing review required
src/lib/pricing/safeGenericPricePublish.test.mjs	untracked	f5225f796819b1e19da7d68effb5083b78836f7ce42176185fe43b40defa34d8	2693	runtime candidate - prior pricing review required
src/lib/pricing/safeGenericPricePublish.ts	untracked	b026c7f80e7efe205e8925ff9dceba844ed59a0f5ca87e1dce317c191b5218e1	2509	runtime candidate - prior pricing review required
src/lib/pricing/selectorValueGroups.test.ts	untracked	92fcdbc8f3007b3214c92d9a6059e211f68bd75a6584eb1abd77de9876c7143a	2123	runtime candidate - prior pricing review required
src/lib/pricing/selectorValueGroups.ts	untracked	2f14c87b804f71dd11f933a03817a2021a4f50eb6536b477ea5c529a718a93df	2385	runtime candidate - prior pricing review required
src/lib/pricing/thumbnailSizes.test.ts	untracked	1ec127a63b7ae84c5d1be5b758198e175aca0884c16deba58bcc1bd67384ee7d	1606	runtime candidate - prior pricing review required
src/lib/pricing/thumbnailSizes.ts	changed	3c9db42b8368aa575dc1b175030ff592137d93f9c3b0edf124efb8f78837a0f5	2086	runtime candidate - prior pricing review required
src/lib/runtime/runtimeErrorPolicy.test.ts	untracked	9b898f134f112d384ce052207231a0df5d63727806e89714ad8dcfb9d96ebf56	1169	runtime candidate
src/lib/runtime/runtimeErrorPolicy.ts	untracked	e4db418940a527085109c338d9a87bdb604432ec6ad508092ba05c13b86e3769	619	runtime candidate
src/lib/sites/storefrontProductFlow.test.ts	untracked	4a19b88308ed2848c6513adf4124103af47e5b128971c375cffee0e5ede853ea	1211	runtime candidate
src/lib/sites/storefrontProductFlow.ts	changed	79415f1c00209acc19a457a26244ab2e6b3c59282540adcb465d83bc07a4bded	6626	runtime candidate
src/lib/storefront/activeSiteCatalog.test.ts	untracked	0c17fc80e819842f2cdb19b4029453d7d4349b3f0f058a3a0e9eec36a2c23d21	1465	runtime candidate
src/lib/storefront/activeSiteCatalog.ts	untracked	1c8990cabf3c0b7e28436b566f5b39e237e3a9cfe1e928c650862ea9261299c1	1132	runtime candidate
src/lib/storefront/featuredProductNavigation.test.ts	untracked	58708ebf702b02abb5112f75c8285d733d55e4165a6aaa554c8e6e7fe1309c57	1584	runtime candidate
src/lib/storefront/featuredProductNavigation.ts	untracked	03188bd0c912de1ef189f622ef6cd3421412c02ccdd58fff531bfbfbcc1a601f	1358	runtime candidate
src/lib/storefront/printCatalogNavigation.test.ts	untracked	0212fc1ed9d86912c439617f0b92399a5148f42ab85e797042890ffe435c1c59	2838	runtime candidate
src/lib/storefront/printCatalogNavigation.ts	untracked	85d5f95fb09bf52a9bc45769dba1e17c90073a4d8c7eafdf031c3b4070159dcd	3248	runtime candidate
src/lib/storefront/productInfoVisibility.test.ts	untracked	23c0eef2fa1a58d04d2de410fc61847d456743268a6476e47cfb014b04ae807d	2189	runtime candidate
src/lib/storefront/productInfoVisibility.ts	untracked	e06e00c1e06bfe1fc88c69e03cdc0a0550f3eaaaaf9f60246ddf1815e5a2158d	2081	runtime candidate
src/lib/themes/index.ts	changed	e866b5ae50750182312d13474b41f41845dd1cee7978e8331dbcceb63ea2ed84	3526	runtime candidate
src/pages/Admin.tsx	changed	7a3b72c8183915e2e8b24281bbe3c9f85e5876e62a64d49225075e55f3a5219c	10313	runtime candidate
src/pages/Auth.tsx	changed	2e252904dfe933ab9d4caa0cc002f8e3fea9113039404aee38618ff82af2c285	13255	runtime candidate
src/pages/Designer.tsx	changed	f1b5275100675417902d8fab19cbdd86367a5170d0e84b0ee19027f0ef9a5f24	240310	runtime candidate
src/pages/FileUploadConfiguration.tsx	changed	7f88000ac35ccd6eccde8f64e9e55cb114ebfe1803fee64c58f6d36d7c623ff8	256768	runtime candidate
src/pages/Index.tsx	changed	a2c31faf7019f6f1f2d06761c4fcf6d5d9eea998913eae4b2ec6d8f52a2d9215	5523	runtime candidate
src/pages/MyAccount.tsx	changed	62eae1e5454f110b33b5e9e89f20e58fdbdce68b8209fa0efe7e211be3e89836	8624	runtime candidate
src/pages/MyAddresses.tsx	changed	3de9392faa53a67aa2f26fc7e010e4da3482ffae1c82ec2706290a947582f0cc	14002	runtime candidate
src/pages/MyDesigns.tsx	untracked	95dbed8700efcaef821b25a468f1281a28077867b76b18605ceec5b42ced9c9a	2603	runtime candidate
src/pages/MyOrders.tsx	changed	2782f12cb0a45ba029382daa1bf14c3534aec6d4ebbc6bb336ae909d76a556df	13044	runtime candidate
src/pages/MySettings.tsx	changed	133ea170fb6449f3f09f3a12f2abf0299cc49170cc2ea1a659eb9416757fd995	8426	runtime candidate
src/pages/PreviewShop.tsx	changed	28ec04238c572ae3c6986f142d45105c0330d0677589d52ffe88752d63bbbb2f	32697	runtime candidate
src/pages/ProductPrice.tsx	changed	f7d6bdcb4ec39ebe8dfa2a7dc9c917eb4af8661f843f689b88227decd9cf723b	75114	runtime candidate
src/pages/Shop.tsx	changed	9aca4ec845e666ffe48aad3d1cd6c66deb5a3ca92bb7cec9886e647829e0701e	9361	runtime candidate
src/pages/admin/AdminPrintDesignerRedirect.tsx	changed	c2aa0361b67493119a4b780686fd6c6f4562a20e72b5ed7b80c51ff97fe9f66f	4212	runtime candidate
src/pages/admin/CommercialReadiness.tsx	changed	c2c6722871d040cd433221cd082fb1e94cb1d920e5a7d5287c6ddf2d917bf039	590421	runtime candidate
src/pages/admin/IconStudioPage.tsx	changed	b778571a02188b348d69cc5e8ef1fb0a2e25224435c5775bed1a31dcfc7f0b5f	59477	runtime candidate
src/pages/admin/Pod2Admin.tsx	changed	ffdde9778c2dedf43452dc4ef8300110475e9f470aff144b0e081fe0faea2b9a	177122	runtime candidate - prior POD review required
src/pages/admin/Pod2Betaling.tsx	changed	9ca2ac38aef881de4eb57cdddfc87ce5dd723f0856baaf1873b6a78251a697f6	13446	runtime candidate - prior POD review required
src/pages/admin/Pod2Katalog.tsx	changed	029dd94e76c20b4b8aa5730d93ebfcd7b2d92dd137deed2754b861bbcbb59e7f	53799	runtime candidate - prior POD review required
src/pages/admin/Pod2Ordrer.tsx	changed	6af6691a49ffe27f6432f484694526c375876564503e75fba23a46205875bfe1	43393	runtime candidate - prior POD review required
src/pages/admin/Pod3FlyerAlarm.tsx	changed	d14357637a9ef9e2b359eaae6d0906d879dfbe2af15fbadfed9c89a8f81d5bdf	4949	runtime candidate - prior POD review required
src/pages/admin/PodAdmin.tsx	changed	30450532f9b5fe64b1db409066ba66a376aff362a2a37bb463afb58ea1e9a1e4	159602	runtime candidate - prior POD review required
src/pages/admin/PodBetaling.tsx	changed	943600a3a1a873705717833df1927000389bbb178c02adb6d742e2e1a18e0dae	10213	runtime candidate - prior POD review required
src/pages/admin/PodKatalog.tsx	changed	27d77fa119586de1693df79f18506301c1cc424bcc6132fd4bcf6440e8c40d14	19878	runtime candidate - prior POD review required
src/pages/admin/PodOrdrer.tsx	changed	a304923af7ea2e57cadb14e86f6b61b3a276067fad9414059c52a5996039105d	20608	runtime candidate - prior POD review required
src/pages/admin/SitesAdmin.tsx	changed	8091f1f6c8198f4e5ed973497498da1508ac87d25eaad84d38623bb40a8cc347	29659	runtime candidate
src/pages/admin/SupplierBank.tsx	changed	b0740c972a725efa9f75a78d9c1b5b5e788c151ac9841f16cf3857633d840761	273026	runtime candidate
src/pages/platform/Cookiepolitik.tsx	changed	b062a9ec40580826e694f9aaf2dab87cc679b36067db90d928118b2c189ba9e4	865	runtime candidate
src/pages/platform/PlatformBeregning.tsx	changed	f4efdefc9e58f7eb59adf19f220acb42d81da4ae313e4f68891745214c229406	7414	runtime candidate
src/pages/platform/PlatformHandelsbetingelser.tsx	changed	f586544a53539ef17d82a12676bf7a48e5d09a08a84377b22d84b1e0b5cb2689	1020	runtime candidate
src/pages/platform/PlatformKontakt.tsx	changed	01dd83cba055dc93d72d1d216d004d9e2dbedd00f8b6ea0b48797b65202b113b	10997	runtime candidate
src/pages/platform/PlatformOnlineDesigner.tsx	changed	313e5a34de4c169595f7d9888609b4f71a3d89df4cc017c3ec1f3303a0e70870	8604	runtime candidate
src/pages/platform/PlatformOrderFlow.tsx	changed	8da2b661f472eb5c725f6c818e722205c368f7bbcb2f444bf8dbc88090176c63	6775	runtime candidate
src/pages/platform/PlatformPriser.tsx	changed	9f704f26135558b1497669ba1f9325303262072aa842d22dc049b1d425f88bce	8017	runtime candidate
src/pages/platform/PlatformPrivacyPolicy.tsx	changed	dbfa1dfe3b319fb1ed6c89d9e6faa65fa8089086289eef976b404986d9b4d8c7	1739	runtime candidate
src/pages/platform/PlatformWhiteLabel.tsx	changed	dbb6c9f8385aa1da2111ddd901302ff3bf641faf69584bf2db121d2c7123b833	6882	runtime candidate
src/styles/adminProductsWorkspace.css	untracked	ddd2ca0876a2e38a7a28ba82fcb76ae55a1851895ac9dcf624ae4b2a3f31208c	10639	runtime candidate
src/styles/adminSurfacesWorkspace.css	untracked	8b75d732607b3e8d8a02c8e6cd4bf5ac655cc9dc60391da7559447c648f9ec8d	40561	runtime candidate
src/styles/adminWorkspace.css	untracked	9348bda4393729112b907f91e5060ef5b572a61a6a83ca699be1a75da76d0561	10715	runtime candidate
src/styles/customerAccount.css	untracked	bbc883ac2cc6baffc350de048840acdf03c838554773a885a934fb0960d7819b	9561	runtime candidate
src/styles/customerAccountForms.css	untracked	b8d5c49722ba30dcff50ec2d1ac527e9538d80ed9437974303748481b247437b	7929	runtime candidate
src/styles/customerOrders.css	untracked	abc75a6691e944f9ae8a4020813a75c5cc1d59caffce0e8b0eb1d0dd8a39d56b	11010	runtime candidate
src/styles/customerOverview.css	untracked	25261cba55af6ce460906db0bd0f7f53e04335aaa37a24b48d89cc6e4a6da2bd	8966	runtime candidate
src/styles/layoutRhythm.css	untracked	cc447e20ce942b00786659e7959a46394e986d2d5de1c39c74a742a01b761162	1679	runtime candidate
src/styles/orderFlowDesigns.css	untracked	9611184f11b47586d44f4de6a0bbac7b604d13d4e97f862dc7cde9041f9edc70	44903	runtime candidate
src/styles/platformPages.css	untracked	7cfd4059aac7812a0fbb1790945ceb4a8e621cfae22a7cff7596fc747a194e62	565	runtime candidate
src/styles/responsiveHeader.css	untracked	699fd15eb4082b9c96aaba103901ca5238e3c1ec99272a48164e8cd3d58ea537	4598	runtime candidate
src/styles/siteDesignWorkspace.css	untracked	be2bb4c59eab10cf2c942dedc47f6acf22dabf5bb0cc6fb14a78fa924b4403a8	11338	runtime candidate
src/themes/print/PrintCatalogSection.tsx	untracked	d3ad25e95c98a99cf5a496df4a755099492926812bae57fdae6df4c439682ec4	5295	runtime candidate
src/themes/print/PrintTheme.tsx	untracked	f4bf4ae57352aab0624fe97e329130e64b5ba90a85265c10036f7fff0094bcab	7807	runtime candidate
src/themes/print/index.ts	untracked	2de81114c6a267c88f0aa34d53b39d0a685c0ac69061c6dbe1e0a921a25d270c	836	runtime candidate
src/themes/print/print.css	untracked	b27669c2b19ec92d0c037e21fdfaebc19e2c4a5c7ca85f6b8883dd68f6b2f295	23999	runtime candidate
src/types/pricingStructure.ts	changed	0212106ed0cd7f34c635484d05b41c883b45ee82380da280982c6ac70f8ea003	13958	runtime candidate
src/utils/formatStandards.ts	changed	9f40c17adde3b368830ed9b0263c149d96e5c0b616d4e5659b33151c7fc85c17	2077	runtime candidate
